,,,,,,,,,,,,,,,,,,,,,,,,
"Week of July 21, 2026 - COT Leveraged Funds >>> valid for trades from July 27, 2026",,,,,,,,,,,,,,,,,,,,,,,,
Currency,Contract Value,Open Interest TOTAL,Open Interest TOTAL USD,Open Interest LF,Open Interest LF USD,Long Positions,Long Value,Short Positions,Short Value,Net Positions,Net Percent,Net Percent LF,Net % LF Δ,Net Value (Base Currency),Net Value USD,,Currency Pairs - LF Strength Index,,,,,,,
USD (DXY),"100,990","53,953","5,448,713,470","34,660","3,500,313,400","16,361","1,652,297,390","18,299","1,848,016,010","-1,938",-3.59%,-5.59%,10.11%,"-195,718,620","-195,718,620",,GBPNZD,AUDNZD,GBPCAD,AUDCAD,GBPJPY,AUDJPY,GBPCHF,
EUR,"125,000","800,061","114,285,713,621","238,891","34,124,683,509","91,110","11,388,750,000","147,781","18,472,625,000","-56,671",-7.08%,-23.72%,-0.74%,"-7,083,875,000","-8,095,239,834",,53.70%,52.70%,46.50%,45.50%,34.70%,33.70%,31.90%,
GBP,"62,500","262,281","22,041,931,314","103,552","8,702,445,360","68,394","4,274,625,000","35,158","2,197,375,000","33,236",12.67%,32.10%,2.47%,"2,077,250,000","2,793,132,668",,AUDCHF,USDCAD,EURNZD,GBPUSD,EURCAD,AUDUSD,USDJPY,
CAD,"100,000","365,599","26,078,542,269","161,607","11,527,588,917","31,615","3,161,500,000","129,992","12,999,200,000","-98,377",-26.91%,-60.87%,-3.16%,"-9,837,700,000","-7,017,329,787",,30.90%,27.60%,25.80%,18.80%,18.60%,17.80%,15.80%,
AUD,"100,000","225,153","15,713,653,023","82,474","5,755,942,934","53,631","5,363,100,000","28,843","2,884,300,000","24,788",11.01%,30.06%,-2.11%,"2,478,800,000","1,729,979,308",,USDCHF,EURJPY,EURCHF,CHFJPY,GBPAUD,NZDCAD,EURUSD,
NZD,"100,000","108,800","6,353,920,000","41,292","2,411,452,800","5,103","510,300,000","36,189","3,618,900,000","-31,086",-28.57%,-75.28%,-6.73%,"-3,108,600,000","-1,815,422,400",,13.10%,6.80%,4.00%,2.80%,1.00%,-7.20%,-9.10%,
CHF,"125,000","107,866","16,678,510,585","28,073","4,340,717,443","9,588","1,198,500,000","18,485","2,310,625,000","-8,897",-8.25%,-31.69%,0.62%,"-1,112,125,000","-1,375,676,382",,CADJPY,CADCHF,NZDJPY,NZDCHF,EURAUD,EURGBP,NZDUSD,
JPY,"12,500,000","423,796","32,579,317,500","258,251","19,853,045,625","81,033","1,012,912,500,000","177,218","2,215,225,000,000","-96,185",-22.70%,-37.24%,-1.39%,"-1,202,312,500,000","-7,394,221,875",,-11.80%,-14.60%,-19.00%,-21.80%,-26.90%,-27.90%,-34.80%,
SP500 (E-MINI),"370,599","1,939,493","718,774,166,307","616,533","228,486,513,267","146,834","54,416,533,566","469,699","174,069,979,701","-322,865",-16.65%,-52.37%,5.03%,"-119,653,446,135","-119,653,446,135",,,,,,,,,
NAS100 (NQ MINI),"562,567","286,903","161,402,160,001","167,378","94,161,339,326","46,344","26,071,605,048","121,034","68,089,734,278","-74,690",-26.03%,-44.62%,-4.35%,"-42,018,129,230","-42,018,129,230",,,,,,,,,
US30 (YM),"259,736","82,002","21,298,871,472","28,841","7,491,045,976","12,695","3,297,348,520","16,146","4,193,697,456","-3,451",-4.21%,-11.97%,0.22%,"-896,348,936","-896,348,936",,,,,,,,,
,,,,,,,,,,,,,,,,,,,,,,,,
"Week of July 14, 2026 - COT Leveraged Funds >>> valid for trades from July 20, 2026",,,,,,,,,,,,,,,,,,,,,,,,
Currency,Contract Value,Open Interest TOTAL,Open Interest TOTAL USD,Open Interest LF,Open Interest LF USD,Long Positions,Long Value,Short Positions,Short Value,Net Positions,Net Percent,Net Percent LF,Net % LF Δ,Net Value (Base Currency),Net Value USD,,Currency Pairs - LF Strength Index,,,,,,,
USD (DXY),"101,280","53,293","5,397,515,040","30,998","3,139,477,440","13,066","1,323,324,480","17,932","1,816,152,960","-4,866",-9.13%,-15.70%,-2.72%,"-492,828,480","-492,828,480",,AUDNZD,GBPNZD,AUDCAD,GBPCAD,AUDJPY,GBPJPY,AUDCHF,
EUR,"125,000","799,495","113,973,009,094","233,643","33,307,269,919","89,976","11,247,000,000","143,667","17,958,375,000","-53,691",-6.72%,-22.98%,-2.35%,"-6,711,375,000","-7,653,987,619",,50.40%,49.10%,44.90%,43.70%,34.00%,32.70%,32.20%,
GBP,"62,500","265,153","22,184,854,348","96,333","8,060,001,486","62,437","3,902,312,500","33,896","2,118,500,000","28,541",10.76%,29.63%,11.16%,"1,783,812,500","2,387,971,956",,GBPCHF,AUDUSD,EURNZD,GBPUSD,USDCAD,EURCAD,USDJPY,
CAD,"100,000","368,792","26,038,559,160","160,765","11,350,812,825","33,997","3,399,700,000","126,768","12,676,800,000","-92,771",-25.16%,-57.71%,-4.80%,"-9,277,100,000","-6,550,096,455",,31.00%,23.90%,22.80%,22.70%,21.00%,17.40%,10.10%,
AUD,"100,000","208,457","14,471,501,854","84,610","5,873,795,420","55,916","5,591,600,000","28,694","2,869,400,000","27,222",13.06%,32.17%,-1.21%,"2,722,200,000","1,889,805,684",,USDCHF,EURJPY,EURCHF,CHFJPY,GBPAUD,EURUSD,NZDCAD,
NZD,"100,000","118,190","6,806,207,530","42,308","2,436,390,796","6,653","665,300,000","35,655","3,565,500,000","-29,002",-24.54%,-68.55%,-4.91%,"-2,900,200,000","-1,670,138,174",,8.30%,6.40%,4.70%,1.80%,-1.30%,-3.60%,-5.40%,
CHF,"125,000","108,412","16,743,420,310","29,402","4,540,918,385","9,951","1,243,875,000","19,451","2,431,375,000","-9,500",-8.76%,-32.31%,-7.51%,"-1,187,500,000","-1,467,203,750",,CADJPY,CADCHF,NZDJPY,NZDCHF,EURGBP,NZDUSD,EURAUD,
JPY,"12,500,000","396,514","30,630,706,500","252,337","19,493,033,250","80,938","1,011,725,000,000","171,399","2,142,487,500,000","-90,461",-22.81%,-35.85%,-1.21%,"-1,130,762,500,000","-6,988,112,250",,-10.90%,-12.70%,-16.30%,-18.10%,-26.30%,-26.40%,-27.60%,
SP500 (E-MINI),"372,885","1,941,500","723,956,227,500","635,910","237,121,300,350","135,454","50,508,764,790","500,456","186,612,535,560","-365,002",-18.80%,-57.40%,-0.12%,"-136,103,770,770","-136,103,770,770",,,,,,,,,
NAS100 (NQ MINI),"571,853","284,971","162,961,521,263","159,317","91,105,904,401","47,577","27,207,050,181","111,740","63,898,854,220","-64,163",-22.52%,-40.27%,-4.63%,"-36,691,804,039","-36,691,804,039",,,,,,,,,
US30 (YM),"260,732","76,483","19,941,565,556","22,798","5,944,168,136","10,010","2,609,927,320","12,788","3,334,240,816","-2,778",-3.63%,-12.19%,-5.25%,"-724,313,496","-724,313,496",,,,,,,,,
,,,,,,,,,,,,,,,,,,,,,,,,
"Week of July 7, 2026 - COT Leveraged Funds >>> valid for trades from July 13, 2026",,,,,,,,,,,,,,,,,,,,,,,,
Currency,Contract Value,Open Interest TOTAL,Open Interest TOTAL USD,Open Interest LF,Open Interest LF USD,Long Positions,Long Value,Short Positions,Short Value,Net Positions,Net Percent,Net Percent LF,Net % LF Δ,Net Value (Base Currency),Net Value USD,,Currency Pairs - LF Strength Index,,,,,,,
USD (DXY),"100,850","53,384","5,383,776,400","34,314","3,460,566,900","14,930","1,505,690,500","19,384","1,954,876,400","-4,454",-8.34%,-12.98%,2.19%,"-449,185,900","-449,185,900",,AUDNZD,AUDCAD,GBPNZD,GBPCAD,AUDJPY,AUDCHF,GBPJPY,
EUR,"125,000","794,833","113,638,267,551","220,381","31,508,147,046","87,460","10,932,500,000","132,921","16,615,125,000","-45,461",-5.72%,-20.63%,-6.87%,"-5,682,625,000","-6,499,615,996",,48.50%,43.10%,41.10%,35.70%,34.00%,29.10%,26.60%,
GBP,"62,500","282,969","23,615,708,462","97,341","8,123,775,669","57,660","3,603,750,000","39,681","2,480,062,500","17,979",6.35%,18.47%,-0.04%,"1,123,687,500","1,500,471,156",,AUDUSD,GBPCHF,EURNZD,USDCAD,EURCAD,GBPUSD,USDJPY,
CAD,"100,000","363,847","25,615,556,494","162,455","11,437,156,910","38,249","3,824,900,000","124,206","12,420,600,000","-85,957",-23.62%,-52.91%,1.81%,"-8,595,700,000","-6,051,544,714",,23.20%,21.60%,21.50%,20.00%,16.10%,15.70%,10.80%,
AUD,"100,000","204,837","14,209,542,690","88,917","6,168,172,290","59,300","5,930,000,000","29,617","2,961,700,000","29,683",14.49%,33.38%,0.45%,"2,968,300,000","2,059,109,710",,EURJPY,USDCHF,CHFJPY,EURCHF,EURUSD,NZDCAD,GBPAUD,
NZD,"100,000","113,535","6,478,307,100","42,739","2,438,687,340","7,769","776,900,000","34,970","3,497,000,000","-27,201",-23.96%,-63.64%,-3.16%,"-2,720,100,000","-1,552,089,060",,7.00%,5.90%,4.90%,2.10%,-3.80%,-5.40%,-7.50%,
CHF,"125,000","107,672","16,744,207,310","29,106","4,526,310,443","10,944","1,368,000,000","18,162","2,270,250,000","-7,218",-6.70%,-24.80%,12.29%,"-902,250,000","-1,122,480,202",,CADJPY,CADCHF,NZDJPY,NZDCHF,EURGBP,NZDUSD,EURAUD,
JPY,"12,500,000","398,103","30,803,219,625","260,063","20,122,374,625","84,990","1,062,375,000,000","175,073","2,188,412,500,000","-90,083",-22.63%,-34.64%,5.12%,"-1,126,037,500,000","-6,970,172,125",,-9.10%,-14.10%,-14.50%,-19.40%,-19.50%,-25.30%,-27.00%,
SP500 (E-MINI),"378,770","1,969,636","746,039,027,720","631,739","239,283,781,030","134,932","51,108,193,640","496,807","188,175,587,390","-361,875",-18.37%,-57.28%,-2.79%,"-137,067,393,750","-137,067,393,750",,,,,,,,,
NAS100 (NQ MINI),"596,502","285,086","170,054,369,172","154,375","92,084,996,250","49,681","29,634,815,862","104,694","62,450,180,388","-55,013",-19.30%,-35.64%,12.61%,"-32,815,364,526","-32,815,364,526",,,,,,,,,
US30 (YM),"263,185","79,726","20,982,687,310","26,034","6,851,758,290","12,114","3,188,223,090","13,920","3,663,535,200","-1,806",-2.27%,-6.94%,27.83%,"-475,312,110","-475,312,110",,,,,,,,,
,,,,,,,,,,,,,,,,,,,,,,,,
"Week of June 30, 2026 - COT Leveraged Funds >>> valid for trades from July 6, 2026",,,,,,,,,,,,,,,,,,,,,,,,
Currency,Contract Value,Open Interest TOTAL,Open Interest TOTAL USD,Open Interest LF,Open Interest LF USD,Long Positions,Long Value,Short Positions,Short Value,Net Positions,Net Percent,Net Percent LF,Net % LF Δ,Net Value (Base Currency),Net Value USD,,Currency Pairs - LF Strength Index,,,,,,,
USD (DXY),"101,110","54,306","5,490,879,660","36,788","3,719,634,680","15,604","1,577,720,440","21,184","2,141,914,240","-5,580",-10.28%,-15.17%,-1.87%,"-564,193,800","-564,193,800",,AUDNZD,AUDCAD,GBPNZD,GBPCAD,AUDJPY,AUDCHF,GBPJPY,
EUR,"125,000","790,076","112,443,616,320","237,178","33,755,172,960","102,267","12,783,375,000","134,911","16,863,875,000","-32,644",-4.13%,-13.76%,-7.11%,"-4,080,500,000","-4,645,894,080",,46.70%,43.80%,39.50%,36.60%,36.30%,35.00%,29.10%,
GBP,"62,500","295,062","24,337,267,001","87,921","7,251,888,932","52,097","3,256,062,500","35,824","2,239,000,000","16,273",5.52%,18.51%,11.01%,"1,017,062,500","1,342,227,552",,GBPCHF,AUDUSD,EURNZD,EURCAD,USDCAD,GBPUSD,EURJPY,
CAD,"100,000","346,500","24,418,894,500","161,013","11,347,069,149","36,456","3,645,600,000","124,557","12,455,700,000","-88,101",-25.43%,-54.72%,1.45%,"-8,810,100,000","-6,208,741,773",,27.80%,24.10%,23.40%,20.50%,19.80%,16.80%,13.00%,
AUD,"100,000","215,837","14,884,551,194","96,495","6,654,488,190","64,136","6,413,600,000","32,359","3,235,900,000","31,777",14.72%,32.93%,-6.59%,"3,177,700,000","2,191,405,474",,USDJPY,EURCHF,USDCHF,CHFJPY,EURUSD,NZDCAD,GBPAUD,
NZD,"100,000","110,331","6,223,440,717","41,805","2,358,094,635","8,260","826,000,000","33,545","3,354,500,000","-25,285",-22.92%,-60.48%,-3.95%,"-2,528,500,000","-1,426,250,995",,12.30%,11.70%,11.00%,1.30%,0.70%,-2.90%,-7.20%,
CHF,"125,000","105,912","16,343,015,940","26,064","4,021,870,680","8,199","1,024,875,000","17,865","2,233,125,000","-9,666",-9.13%,-37.09%,11.01%,"-1,208,250,000","-1,491,536,295",,CADJPY,CADCHF,NZDJPY,NZDCHF,EURGBP,NZDUSD,EURAUD,
JPY,"12,500,000","438,825","33,899,231,250","290,274","22,423,666,500","87,437","1,092,962,500,000","202,837","2,535,462,500,000","-115,400",-26.30%,-39.76%,-4.91%,"-1,442,500,000,000","-8,914,650,000",,-7.50%,-8.80%,-10.40%,-11.70%,-16.10%,-22.70%,-23.30%,
SP500 (E-MINI),"376,872","1,967,167","741,370,161,624","661,581","249,331,354,632","150,556","56,740,340,832","511,025","192,591,013,800","-360,469",-18.32%,-54.49%,-4.26%,"-135,850,672,968","-135,850,672,968",,,,,,,,,
NAS100 (NQ MINI),"593,957","278,558","165,451,474,006","142,209","84,466,031,013","36,796","21,855,241,772","105,413","62,610,789,241","-68,617",-24.63%,-48.25%,-10.47%,"-40,755,547,469","-40,755,547,469",,,,,,,,,
US30 (YM),"265,280","83,306","22,099,415,680","28,696","7,612,474,880","9,359","2,482,755,520","19,337","5,129,719,360","-9,978",-11.98%,-34.77%,0.20%,"-2,646,963,840","-2,646,963,840",,,,,,,,,
,,,,,,,,,,,,,,,,,,,,,,,,
"Week of June 23, 2026 - COT Leveraged Funds >>> valid for trades from June 29, 2026",,,,,,,,,,,,,,,,,,,,,,,,
Currency,Contract Value,Open Interest TOTAL,Open Interest TOTAL USD,Open Interest LF,Open Interest LF USD,Long Positions,Long Value,Short Positions,Short Value,Net Positions,Net Percent,Net Percent LF,Net % LF Δ,Net Value (Base Currency),Net Value USD,,Currency Pairs - LF Strength Index,,,,,,,
USD (DXY),"101,020","54,908","5,546,806,160","40,232","4,064,236,640","17,440","1,761,788,800","22,792","2,302,447,840","-5,352",-9.75%,-13.30%,-7.86%,"-540,659,040","-540,659,040",,AUDNZD,AUDCAD,AUDCHF,AUDJPY,GBPNZD,GBPCAD,GBPCHF,
EUR,"125,000","785,477","112,547,071,945","231,710","33,200,567,350","108,150","13,518,750,000","123,560","15,445,000,000","-15,410",-1.96%,-6.65%,-2.13%,"-1,926,250,000","-2,208,021,850",,48.00%,47.80%,43.80%,37.20%,32.00%,31.80%,27.80%,
GBP,"62,500","297,226","24,535,820,534","100,881","8,327,663,499","54,224","3,389,000,000","46,657","2,916,062,500","7,567",2.55%,7.50%,-10.94%,"472,937,500","624,651,121",,AUDUSD,EURNZD,EURCAD,USDCAD,GBPJPY,EURCHF,USDCHF,
CAD,"100,000","342,860","24,188,773,000","148,437","10,472,230,350","32,530","3,253,000,000","115,907","11,590,700,000","-83,377",-24.32%,-56.17%,-5.05%,"-8,337,700,000","-5,882,247,350",,26.40%,24.90%,24.80%,21.40%,21.20%,20.70%,17.40%,
AUD,"100,000","214,349","15,010,646,121","98,975","6,931,120,275","69,043","6,904,300,000","29,932","2,993,200,000","39,111",18.25%,39.52%,-4.29%,"3,911,100,000","2,738,904,219",,EURJPY,USDJPY,GBPUSD,EURUSD,NZDCAD,CADCHF,NZDCHF,
NZD,"100,000","103,297","5,923,669,762","40,374","2,315,287,404","8,776","877,600,000","31,598","3,159,800,000","-22,822",-22.09%,-56.53%,6.40%,"-2,282,200,000","-1,308,750,412",,14.10%,10.80%,10.40%,3.30%,-0.20%,-4.00%,-4.20%,
CHF,"125,000","108,626","16,805,392,678","28,724","4,443,854,135","7,454","931,750,000","21,270","2,658,750,000","-13,816",-12.72%,-48.10%,-2.85%,"-1,727,000,000","-2,137,456,090",,CHFJPY,EURGBP,CADJPY,NZDJPY,GBPAUD,NZDUSD,EURAUD,
JPY,"12,500,000","431,030","33,350,946,250","278,620","21,558,222,500","90,764","1,134,550,000,000","187,856","2,348,200,000,000","-97,092",-22.53%,-34.85%,-0.84%,"-1,213,650,000,000","-7,512,493,500",,-6.60%,-7.10%,-10.70%,-10.80%,-16.00%,-21.60%,-23.10%,
SP500 (E-MINI),"367,701","1,980,254","728,141,376,054","743,584","273,416,580,384","185,058","68,046,011,658","558,526","205,370,568,726","-373,468",-18.86%,-50.23%,11.89%,"-137,324,557,068","-137,324,557,068",,,,,,,,,
NAS100 (NQ MINI),"582,365","265,083","154,375,061,295","135,166","78,715,947,590","42,052","24,489,612,980","93,114","54,226,334,610","-51,062",-19.26%,-37.78%,-20.42%,"-29,736,721,630","-29,736,721,630",,,,,,,,,
US30 (YM),"259,381","78,956","20,479,686,236","25,807","6,693,845,467","8,391","2,176,465,971","17,416","4,517,379,496","-9,025",-11.43%,-34.97%,3.87%,"-2,340,913,525","-2,340,913,525",,,,,,,,,
,,,,,,,,,,,,,,,,,,,,,,,,
"Week of June 16, 2026 - COT Leveraged Funds >>> valid for trades from June 22, 2026",,,,,,,,,,,,,,,,,,,,,,,,
Currency,Contract Value,Open Interest TOTAL,Open Interest TOTAL USD,Open Interest LF,Open Interest LF USD,Long Positions,Long Value,Short Positions,Short Value,Net Positions,Net Percent,Net Percent LF,Net % LF Δ,Net Value (Base Currency),Net Value USD,,Currency Pairs - LF Strength Index,,,,,,,
USD (DXY),"99,630","49,411","4,922,817,930","34,350","3,422,290,500","16,240","1,617,991,200","18,110","1,804,299,300","-1,870",-3.78%,-5.44%,24.62%,"-186,308,100","-186,308,100",,AUDNZD,AUDCAD,AUDCHF,GBPNZD,AUDJPY,GBPCAD,GBPCHF,
EUR,"125,000","894,671","129,761,963,501","197,382","28,628,038,553","94,228","11,778,500,000","103,154","12,894,250,000","-8,926",-1%,-4.52%,4.13%,"-1,115,750,000","-1,294,615,882",,53.40%,47.50%,44.50%,40.70%,38.90%,34.80%,31.80%,
GBP,"62,500","323,315","27,178,060,972","91,320","7,676,416,275","54,078","3,379,875,000","37,242","2,327,625,000","16,836",5.21%,18.44%,-5.05%,"1,052,250,000","1,415,244,683",,EURNZD,GBPJPY,AUDUSD,EURCAD,USDCAD,EURCHF,USDCHF,
CAD,"100,000","492,468","35,268,095,820","127,267","9,114,226,205","31,107","3,110,700,000","96,160","9,616,000,000","-65,053",-13.21%,-51.12%,-1.56%,"-6,505,300,000","-4,658,770,595",,29.20%,26.20%,24.60%,23.30%,22.80%,20.40%,19.90%,
AUD,"100,000","295,545","20,910,399,840","94,816","6,708,421,632","68,177","6,817,700,000","26,639","2,663,900,000","41,538",14.05%,43.81%,1.94%,"4,153,800,000","2,938,896,576",,EURJPY,USDJPY,GBPUSD,EURUSD,CADCHF,CHFJPY,NZDCAD,
NZD,"100,000","135,171","7,914,802,734","35,257","2,064,438,378","6,535","653,500,000","28,722","2,872,200,000","-22,187",-16.41%,-62.93%,-10.90%,"-2,218,700,000","-1,299,137,598",,14.70%,14.30%,11.90%,0.50%,-2.90%,-5.60%,-5.90%,
CHF,"125,000","145,747","22,947,865,150","27,326","4,302,478,700","7,480","935,000,000","19,846","2,480,750,000","-12,366",-8.48%,-45.25%,-1.13%,"-1,545,750,000","-1,947,026,700",,CADJPY,NZDCHF,EURGBP,GBPAUD,NZDJPY,EURAUD,NZDUSD,
JPY,"12,500,000","520,825","40,689,453,125","284,550","22,230,468,750","93,889","1,173,612,500,000","190,661","2,383,262,500,000","-96,772",-18.58%,-34.01%,1.37%,"-1,209,650,000,000","-7,560,312,500",,-8.60%,-8.80%,-11.50%,-12.70%,-14.50%,-24.20%,-28.70%,
SP500 (E-MINI),"373,640","2,579,920","963,961,308,800","829,926","310,093,550,640","157,203","58,737,328,920","672,723","251,356,221,720","-515,520",-19.98%,-62.12%,-4.82%,"-192,618,892,800","-192,618,892,800",,,,,,,,,
NAS100 (NQ MINI),"606,942","344,441","209,055,709,422","162,146","98,413,217,532","66,996","40,662,686,232","95,150","57,750,531,300","-28,154",-8.17%,-17.36%,2.72%,"-17,087,845,068","-17,087,845,068",,,,,,,,,
US30 (YM),"258,564","103,128","26,665,188,192","26,414","6,829,709,496","8,078","2,088,679,992","18,336","4,741,029,504","-10,258",-9.95%,-38.84%,-13.32%,"-2,652,349,512","-2,652,349,512",,,,,,,,,
,,,,,,,,,,,,,,,,,,,,,,,,
"Week of June 9, 2026 - COT Leveraged Funds >>> valid for trades from June 15, 2026",,,,,,,,,,,,,,,,,,,,,,,,
Currency,Contract Value,Open Interest TOTAL,Open Interest TOTAL USD,Open Interest LF,Open Interest LF USD,Long Positions,Long Value,Short Positions,Short Value,Net Positions,Net Percent,Net Percent LF,Net % LF Δ,Net Value (Base Currency),Net Value USD,,Currency Pairs - LF Strength Index,,,,,,,
USD (DXY),"100,050","50,285","5,031,014,250","45,428","4,545,071,400","15,886","1,589,394,300","29,542","2,955,677,100","-13,656",-27.16%,-30.06%,-1.25%,"-1,366,282,800","-1,366,282,800",,AUDNZD,AUDCAD,AUDCHF,AUDJPY,GBPNZD,GBPCAD,AUDUSD,
EUR,"125,000","871,507","125,525,331,978","201,100","28,964,935,750","91,856","11,482,000,000","109,244","13,655,500,000","-17,388",-2%,-8.65%,-14.46%,"-2,173,500,000","-2,504,437,110",,47.00%,45.70%,43.00%,38.60%,37.80%,36.50%,36.00%,
GBP,"62,500","291,371","24,285,044,423","94,982","7,916,512,245","58,647","3,665,437,500","36,335","2,270,937,500","22,312",7.66%,23.49%,-7.09%,"1,394,500,000","1,859,649,420",,GBPCHF,GBPJPY,GBPUSD,EURNZD,EURCAD,EURCHF,EURJPY,
CAD,"100,000","383,773","27,521,513,149","118,287","8,482,715,631","29,832","2,983,200,000","88,455","8,845,500,000","-58,623",-15.28%,-49.56%,-10.33%,"-5,862,300,000","-4,204,031,199",,33.80%,29.40%,26.80%,21.70%,20.50%,17.70%,13.40%,
AUD,"100,000","314,177","22,129,056,995","101,014","7,114,921,090","71,653","7,165,300,000","29,361","2,936,100,000","42,292",13.46%,41.87%,-9.29%,"4,229,200,000","2,978,837,020",,EURUSD,USDCAD,USDCHF,USDJPY,NZDCAD,CADCHF,NZDCHF,
NZD,"100,000","149,185","8,647,806,895","42,770","2,479,248,590","10,258","1,025,800,000","32,512","3,251,200,000","-22,254",-14.92%,-52.03%,17.52%,"-2,225,400,000","-1,289,997,618",,10.70%,9.80%,7.00%,2.70%,-1.20%,-2.70%,-4.00%,
CHF,"125,000","115,412","18,114,201,930","24,445","3,836,703,863","6,830","853,750,000","17,615","2,201,875,000","-10,785",-9.34%,-44.12%,2.90%,"-1,348,125,000","-1,692,732,712",,CHFJPY,CADJPY,NZDJPY,GBPAUD,NZDUSD,EURGBP,EURAUD,
JPY,"12,500,000","505,075","39,395,850,000","282,180","22,010,040,000","91,168","1,139,600,000,000","191,012","2,387,650,000,000","-99,844",-19.77%,-35.38%,-2.19%,"-1,248,050,000,000","-7,787,832,000",,-4.40%,-7.10%,-8.30%,-9.20%,-11.00%,-16.10%,-25.30%,
SP500 (E-MINI),"371,573","2,203,164","818,636,256,972","788,080","292,829,249,840","168,247","62,516,042,531","619,833","230,313,207,309","-451,586",-20.50%,-57.30%,3.76%,"-167,797,164,778","-167,797,164,778",,,,,,,,,
NAS100 (NQ MINI),"592,719","305,568","181,115,959,392","170,880","101,283,822,720","68,287","40,475,002,353","102,593","60,808,820,367","-34,306",-11.23%,-20.08%,11.86%,"-20,333,818,014","-20,333,818,014",,,,,,,,,
US30 (YM),"256,011","79,613","20,381,803,743","29,966","7,671,625,626","11,160","2,857,082,760","18,806","4,814,542,866","-7,646",-9.60%,-25.52%,12.43%,"-1,957,460,106","-1,957,460,106",,,,,,,,,
,,,,,,,,,,,,,,,,,,,,,,,,
"Week of June 2, 2026 - COT Leveraged Funds >>> valid for trades from June 8, 2026",,,,,,,,,,,,,,,,,,,,,,,,
Currency,Contract Value,Open Interest TOTAL,Open Interest TOTAL USD,Open Interest LF,Open Interest LF USD,Long Positions,Long Value,Short Positions,Short Value,Net Positions,Net Percent,Net Percent LF,Net % LF Δ,Net Value (Base Currency),Net Value USD,,Currency Pairs - LF Strength Index,,,,,,,
USD (DXY),"99,200","43,090","4,274,528,000","38,566","3,825,747,200","13,727","1,361,718,400","24,839","2,464,028,800","-11,112",-25.79%,-28.81%,6.74%,"-1,102,310,400","-1,102,310,400",,AUDNZD,GBPNZD,AUDCHF,AUDCAD,AUDJPY,AUDUSD,GBPCHF,
EUR,"125,000","842,424","122,666,411,670","207,139","30,161,768,714","109,583","13,697,875,000","97,556","12,194,500,000","12,027",1.43%,5.81%,2.41%,"1,503,375,000","1,751,266,504",,60.40%,50.10%,49.10%,45.20%,42.20%,40.00%,38.80%,
GBP,"62,500","271,147","22,795,836,691","89,453","7,520,481,434","58,403","3,650,187,500","31,050","1,940,625,000","27,353",10.09%,30.58%,0.68%,"1,709,562,500","2,299,617,997",,EURNZD,GBPCAD,GBPJPY,GBPUSD,EURCHF,EURCAD,EURJPY,
CAD,"100,000","305,869","22,170,302,727","113,683","8,240,084,889","34,541","3,454,100,000","79,142","7,914,200,000","-44,601",-14.58%,-39.23%,-2.74%,"-4,460,100,000","-3,232,814,283",,37.70%,34.90%,31.90%,29.70%,26.40%,22.50%,19.50%,
AUD,"100,000","305,391","21,928,600,755","114,924","8,252,117,820","86,862","8,686,200,000","28,062","2,806,200,000","58,800",19.25%,51.16%,0.58%,"5,880,000,000","4,222,134,000",,EURUSD,USDCHF,USDCAD,CADCHF,USDJPY,CADJPY,CHFJPY,
NZD,"100,000","136,648","8,173,873,416","39,861","2,384,365,437","6,068","606,800,000","33,793","3,379,300,000","-27,725",-20.29%,-69.55%,-29.33%,"-2,772,500,000","-1,658,426,325",,17.30%,9.10%,5.20%,3.90%,2.20%,-3.00%,-6.90%,
CHF,"125,000","111,432","17,815,191,000","21,157","3,382,475,375","5,604","700,500,000","15,553","1,944,125,000","-9,949",-8.93%,-47.02%,-18.90%,"-1,243,625,000","-1,590,596,375",,GBPAUD,NZDCHF,EURGBP,NZDCAD,NZDJPY,NZDUSD,EURAUD,
JPY,"12,500,000","505,555","39,686,067,500","265,353","20,830,210,500","88,645","1,108,062,500,000","176,708","2,208,850,000,000","-88,063",-17.42%,-33.19%,-4.45%,"-1,100,787,500,000","-6,912,945,500",,-10.30%,-11.30%,-12.40%,-15.20%,-18.20%,-20.40%,-22.70%,
SP500 (E-MINI),"369,187","2,149,231","793,468,145,197","820,008","302,736,293,496","159,638","58,936,274,306","660,370","243,800,019,190","-500,732",-23.30%,-61.06%,-0.54%,"-184,863,744,884","-184,863,744,884",,,,,,,,,
NAS100 (NQ MINI),"579,152","314,972","182,416,663,744","167,962","97,275,528,224","57,156","33,102,011,712","110,806","64,173,516,512","-53,650",-17.03%,-31.94%,0.89%,"-31,071,504,800","-31,071,504,800",,,,,,,,,
US30 (YM),"254,334","81,760","20,794,347,840","30,946","7,870,619,964","9,601","2,441,860,734","21,345","5,428,759,230","-11,744",-14.36%,-37.95%,9.23%,"-2,986,898,496","-2,986,898,496",,,,,,,,,
,,,,,,,,,,,,,,,,,,,,,,,,
"Week of May 26, 2026 - COT Leveraged Funds >>> valid for trades from June 1, 2026",,,,,,,,,,,,,,,,,,,,,,,,
Currency,Contract Value,Open Interest TOTAL,Open Interest TOTAL USD,Open Interest LF,Open Interest LF USD,Long Positions,Long Value,Short Positions,Short Value,Net Positions,Net Percent,Net Percent LF,Net % LF Δ,Net Value (Base Currency),Net Value USD,,Currency Pairs - LF Strength Index,,,,,,,
USD (DXY),"99,170","42,278","4,192,709,260","35,242","3,494,949,140","11,356","1,126,174,520","23,886","2,368,774,620","-12,530",-29.64%,-35.55%,-1.38%,"-1,242,600,100","-1,242,600,100",,AUDNZD,AUDCAD,AUDUSD,AUDJPY,AUDCHF,GBPNZD,GBPCAD,
EUR,"125,000","824,224","119,948,288,440","214,674","31,241,238,878","110,985","13,873,125,000","103,689","12,961,125,000","7,296",0.89%,3.40%,-3.82%,"912,000,000","1,061,777,760",,45.40%,43.50%,43.10%,39.70%,39.40%,35.10%,33.20%,
GBP,"62,500","282,065","23,766,796,900","96,421","8,124,433,460","62,625","3,914,062,500","33,796","2,112,250,000","28,829",10.22%,29.90%,0.08%,"1,801,812,500","2,429,131,540",,GBPUSD,GBPJPY,GBPCHF,EURNZD,EURCAD,EURUSD,EURJPY,
CAD,"100,000","297,944","21,586,936,632","104,391","7,563,441,123","33,148","3,314,800,000","71,243","7,124,300,000","-38,095",-12.79%,-36.49%,4.21%,"-3,809,500,000","-2,760,097,035",,32.70%,29.30%,29.00%,21.80%,19.90%,19.50%,16.10%,
AUD,"100,000","302,802","21,672,144,744","119,096","8,523,938,912","89,665","8,966,500,000","29,431","2,943,100,000","60,234",19.89%,50.58%,0.82%,"6,023,400,000","4,311,067,848",,EURCHF,USDCAD,CHFJPY,NZDCAD,NZDUSD,USDJPY,USDCHF,
NZD,"100,000","91,414","5,368,744,220","33,990","1,996,232,700","10,160","1,016,000,000","23,830","2,383,000,000","-13,670",-14.95%,-40.22%,3.36%,"-1,367,000,000","-802,839,100",,15.80%,0.50%,0.30%,-1.90%,-2.30%,-3.40%,-3.70%,
CHF,"125,000","105,594","16,872,601,275","17,151","2,740,515,413","6,164","770,500,000","10,987","1,373,375,000","-4,823",-4.57%,-28.12%,-2.12%,"-602,875,000","-770,655,112",,CADJPY,CADCHF,NZDJPY,NZDCHF,GBPAUD,EURGBP,EURAUD,
JPY,"12,500,000","427,294","33,595,990,750","245,298","19,286,555,250","87,395","1,092,437,500,000","157,903","1,973,787,500,000","-70,508",-16.50%,-28.74%,-0.15%,"-881,350,000,000","-5,543,691,500",,-3.90%,-4.20%,-5.70%,-6.00%,-10.30%,-13.20%,-23.60%,
SP500 (E-MINI),"377,684","2,093,621","790,727,153,764","756,354","285,662,804,136","149,287","56,383,311,308","607,067","229,279,492,828","-457,780",-21.87%,-60.52%,-5.49%,"-172,896,181,520","-172,896,181,520",,,,,,,,,
NAS100 (NQ MINI),"611,425","302,990","185,255,660,750","157,401","96,238,906,425","52,861","32,320,536,925","104,540","63,918,369,500","-51,679",-17.06%,-32.83%,-3.89%,"-31,597,832,575","-31,597,832,575",,,,,,,,,
US30 (YM),"253,435","81,105","20,554,845,675","29,271","7,418,295,885","7,731","1,959,305,985","21,540","5,458,989,900","-13,809",-17.03%,-47.18%,-8.86%,"-3,499,683,915","-3,499,683,915",,,,,,,,,
,,,,,,,,,,,,,,,,,,,,,,,,
"Week of May 19, 2026 - COT Leveraged Funds >>> valid for trades from May 25, 2026",,,,,,,,,,,,,,,,,,,,,,,,
Currency,Contract Value,Open Interest TOTAL,Open Interest TOTAL USD,Open Interest LF,Open Interest LF USD,Long Positions,Long Value,Short Positions,Short Value,Net Positions,Net Percent,Net Percent LF,Net % LF Δ,Net Value (Base Currency),Net Value USD,,Currency Pairs - LF Strength Index,,,,,,,
USD (DXY),"98,970","40,626","4,020,755,220","34,288","3,393,483,360","11,286","1,116,975,420","23,002","2,276,507,940","-11,716",-28.84%,-34.17%,-14.53%,"-1,159,532,520","-1,159,532,520",,AUDNZD,AUDCAD,AUDUSD,AUDJPY,AUDCHF,GBPNZD,GBPCAD,
EUR,"125,000","826,019","119,921,438,420","226,025","32,814,309,500","121,171","15,146,375,000","104,854","13,106,750,000","16,317",1.98%,7.22%,-1.21%,"2,039,625,000","2,368,902,060",,46.70%,45.20%,42.00%,39.20%,37.90%,36.70%,35.30%,
GBP,"62,500","285,647","23,759,581,872","105,189","8,749,423,791","68,279","4,267,437,500","36,910","2,306,875,000","31,369",10.98%,29.82%,-6.38%,"1,960,562,500","2,609,214,603",,GBPUSD,GBPJPY,GBPCHF,EURNZD,EURCAD,EURUSD,EURJPY,
CAD,"100,000","292,877","21,282,785,836","94,972","6,901,425,296","28,159","2,815,900,000","66,813","6,681,300,000","-38,654",-13.20%,-40.70%,-1.36%,"-3,865,400,000","-2,808,908,872",,32.00%,29.20%,27.90%,25.40%,24.00%,20.70%,17.90%,
AUD,"100,000","301,269","21,481,082,238","122,950","8,766,580,900","92,064","9,206,400,000","30,886","3,088,600,000","61,178",20.31%,49.76%,2.59%,"6,117,800,000","4,362,113,756",,EURCHF,USDCAD,CHFJPY,NZDCAD,USDJPY,USDCHF,NZDUSD,
NZD,"100,000","92,545","5,397,779,670","35,194","2,052,725,244","9,929","992,900,000","25,265","2,526,500,000","-15,336",-16.57%,-43.58%,11.92%,"-1,533,600,000","-894,487,536",,16.60%,3.30%,1.30%,-1.40%,-2.80%,-4.10%,-4.70%,
CHF,"125,000","104,225","16,548,063,813","18,633","2,958,407,993","6,894","861,750,000","11,739","1,467,375,000","-4,845",-4.65%,-26%,15.70%,"-605,625,000","-769,252,762",,CADJPY,CADCHF,NZDJPY,NZDCHF,GBPAUD,EURGBP,EURAUD,
JPY,"12,500,000","396,573","31,230,123,750","227,139","17,887,196,250","81,097","1,013,712,500,000","146,042","1,825,525,000,000","-64,945",-16.38%,-28.59%,0.79%,"-811,812,500,000","-5,114,418,750",,-6.10%,-7.40%,-7.50%,-8.80%,-10.00%,-11.30%,-21.30%,
SP500 (E-MINI),"373,674","2,068,443","772,923,369,582","729,746","272,687,106,804","164,096","61,318,408,704","565,650","211,368,698,100","-401,554",-19.41%,-55.03%,4.25%,"-150,050,289,396","-150,050,289,396",,,,,,,,,
NAS100 (NQ MINI),"589,633","293,186","172,872,140,738","156,763","92,432,637,979","55,696","32,840,199,568","101,067","59,592,438,411","-45,371",-15.48%,-28.94%,6.56%,"-26,752,238,843","-26,752,238,843",,,,,,,,,
US30 (YM),"252,899","82,825","20,946,359,675","30,235","7,646,401,265","9,324","2,358,030,276","20,911","5,288,370,989","-11,587",-13.99%,-38.32%,1.42%,"-2,930,340,713","-2,930,340,713",,,,,,,,,
,,,,,,,,,,,,,,,,,,,,,,,,
"Week of May 12, 2026 - COT Leveraged Funds >>> valid for trades from May 18, 2026",,,,,,,,,,,,,,,,,,,,,,,,
Currency,Contract Value,Open Interest TOTAL,Open Interest TOTAL USD,Open Interest LF,Open Interest LF USD,Long Positions,Long Value,Short Positions,Short Value,Net Positions,Net Percent,Net Percent LF,Net % LF Δ,Net Value (Base Currency),Net Value USD,,Currency Pairs - LF Strength Index,,,,,,,
USD (DXY),"97,940","32,108","3,144,657,520","24,191","2,369,266,540","9,720","951,976,800","14,471","1,417,289,740","-4,751",-14.80%,-19.64%,8.51%,"-465,312,940","-465,312,940",,AUDNZD,GBPNZD,AUDCHF,AUDCAD,GBPCHF,AUDJPY,GBPCAD,
EUR,"125,000","829,377","122,010,687,191","213,669","31,433,113,676","115,836","14,479,500,000","97,833","12,229,125,000","18,003",2.17%,8.43%,2.79%,"2,250,375,000","2,648,443,834",,51.30%,45.90%,44.40%,43.30%,39.00%,38.30%,37.80%,
GBP,"62,500","283,643","24,100,259,326","103,056","8,756,346,270","70,179","4,386,187,500","32,877","2,054,812,500","37,302",13.15%,36.20%,10.20%,"2,331,375,000","3,169,434,371",,AUDUSD,GBPJPY,EURNZD,GBPUSD,EURCHF,EURCAD,EURJPY,
CAD,"100,000","251,467","18,377,962,761","95,727","6,996,016,341","29,032","2,903,200,000","66,695","6,669,500,000","-37,663",-14.98%,-39.34%,8.78%,"-3,766,300,000","-2,752,525,029",,33.40%,32.80%,32.00%,27.90%,25.10%,23.90%,18.90%,
AUD,"100,000","289,244","20,932,588,280","118,393","8,568,101,410","87,122","8,712,200,000","31,271","3,127,100,000","55,851",19.31%,47.17%,-5.46%,"5,585,100,000","4,041,936,870",,EURUSD,USDCHF,USDCAD,USDJPY,CADCHF,CADJPY,GBPAUD,
NZD,"100,000","86,227","5,130,851,408","35,019","2,083,770,576","7,792","779,200,000","27,227","2,722,700,000","-19,435",-22.54%,-55.50%,7.55%,"-1,943,500,000","-1,156,460,240",,14.00%,11.00%,9.90%,4.90%,1.20%,-5.00%,-5.50%,
CHF,"125,000","94,743","15,226,739,674","18,486","2,971,000,598","5,389","673,625,000","13,097","1,637,125,000","-7,708",-8.14%,-41.70%,-7.53%,"-963,500,000","-1,238,800,855",,CHFJPY,NZDCHF,NZDCAD,NZDJPY,EURGBP,NZDUSD,EURAUD,
JPY,"12,500,000","362,042","28,872,849,500","212,498","16,946,715,500","75,029","937,862,500,000","137,469","1,718,362,500,000","-62,440",-17.25%,-29.38%,-5.88%,"-780,500,000,000","-4,979,590,000",,-6.20%,-6.90%,-8.10%,-13.10%,-13.90%,-17.90%,-19.40%,
SP500 (E-MINI),"370,425","2,056,229","761,678,627,325","729,452","270,207,257,100","148,507","55,010,705,475","580,945","215,196,551,625","-432,438",-21.03%,-59.28%,-0.20%,"-160,185,846,150","-160,185,846,150",,,,,,,,,
NAS100 (NQ MINI),"582,504","287,752","167,616,691,008","146,596","85,392,756,384","47,277","27,539,041,608","99,319","57,853,714,776","-52,042",-18.09%,-35.50%,-9.71%,"-30,314,673,168","-30,314,673,168",,,,,,,,,
US30 (YM),"247,631","81,940","20,290,884,140","31,779","7,869,465,549","9,575","2,371,066,825","22,204","5,498,398,724","-12,629",-15.41%,-39.74%,5.71%,"-3,127,331,899","-3,127,331,899",,,,,,,,,
,,,,,,,,,,,,,,,,,,,,,,,,
"Week of May 5, 2026 - COT Leveraged Funds >>> valid for trades from May 11, 2026",,,,,,,,,,,,,,,,,,,,,,,,
Currency,Contract Value,Open Interest TOTAL,Open Interest TOTAL USD,Open Interest LF,Open Interest LF USD,Long Positions,Long Value,Short Positions,Short Value,Net Positions,Net Percent,Net Percent LF,Net % LF Δ,Net Value (Base Currency),Net Value USD,,Currency Pairs - LF Strength Index,,,,,,,
USD (DXY),"98,470","32,496","3,199,881,120","20,619","2,030,352,930","7,407","729,367,290","13,212","1,300,985,640","-5,805",-17.86%,-28.15%,-12.90%,"-571,618,350","-571,618,350",,AUDNZD,AUDCAD,GBPNZD,AUDCHF,AUDUSD,AUDJPY,GBPCAD,
EUR,"125,000","815,942","119,602,818,215","209,872","30,763,562,440","110,859","13,857,375,000","99,013","12,376,625,000","11,846",1.45%,5.64%,0.17%,"1,480,750,000","1,736,416,295",,57.80%,50.40%,44.50%,43.40%,40.40%,38.10%,37.10%,
GBP,"62,500","276,143","23,440,053,376","100,177","8,503,399,424","63,113","3,944,562,500","37,064","2,316,500,000","26,049",9.43%,26%,-6.78%,"1,628,062,500","2,211,136,804",,EURNZD,GBPCHF,GBPUSD,EURCAD,GBPJPY,EURCHF,EURUSD,
CAD,"100,000","243,793","17,941,702,042","99,240","7,303,468,560","25,741","2,574,100,000","73,499","7,349,900,000","-47,758",-19.59%,-48.12%,3.49%,"-4,775,800,000","-3,514,702,252",,34.30%,30.10%,27.10%,26.90%,24.80%,19.90%,16.90%,
AUD,"100,000","279,532","20,162,363,628","107,550","7,757,473,950","82,075","8,207,500,000","25,475","2,547,500,000","56,600",20.25%,52.63%,4.66%,"5,660,000,000","4,082,501,400",,EURJPY,USDCAD,USDCHF,USDJPY,CHFJPY,CADCHF,NZDCAD,
NZD,"100,000","85,340","5,040,607,100","30,602","1,807,507,130","5,654","565,400,000","24,948","2,494,800,000","-19,294",-22.61%,-63.05%,-9.02%,"-1,929,400,000","-1,139,600,110",,14.60%,10.00%,3.00%,-2.30%,-5.30%,-7.00%,-7.50%,
CHF,"125,000","94,468","15,117,241,700","19,412","3,106,405,300","6,389","798,625,000","13,023","1,627,875,000","-6,634",-7.02%,-34.17%,-7.48%,"-829,250,000","-1,061,605,850",,EURGBP,CADJPY,GBPAUD,NZDCHF,NZDUSD,NZDJPY,EURAUD,
JPY,"12,500,000","354,005","28,231,898,750","225,067","17,949,093,250","86,085","1,076,062,500,000","138,982","1,737,275,000,000","-52,897",-14.94%,-23.50%,8.16%,"-661,212,500,000","-4,218,535,750",,-10.20%,-12.30%,-13.30%,-14.40%,-17.40%,-19.80%,-23.50%,
SP500 (E-MINI),"369,947","1,987,685","735,338,102,695","687,045","254,170,236,615","140,585","52,008,998,995","546,460","202,161,237,620","-405,875",-20.42%,-59.08%,3.76%,"-150,152,238,625","-150,152,238,625",,,,,,,,,
NAS100 (NQ MINI),"584,700","287,657","168,193,047,900","139,988","81,850,983,600","51,944","30,371,656,800","88,044","51,479,326,800","-36,100",-12.55%,-25.79%,2.57%,"-21,107,670,000","-21,107,670,000",,,,,,,,,
US30 (YM),"248,046","78,430","19,454,247,780","32,335","8,020,567,410","8,819","2,187,517,674","23,516","5,833,049,736","-14,697",-18.74%,-45.45%,-0.19%,"-3,645,532,062","-3,645,532,062",,,,,,,,,
,,,,,,,,,,,,,,,,,,,,,,,,
"Week of April 28, 2026 - COT Leveraged Funds >>> valid for trades from May 4, 2026",,,,,,,,,,,,,,,,,,,,,,,,
Currency,Contract Value,Open Interest TOTAL,Open Interest TOTAL USD,Open Interest LF,Open Interest LF USD,Long Positions,Long Value,Short Positions,Short Value,Net Positions,Net Percent,Net Percent LF,Net % LF Δ,Net Value (Base Currency),Net Value USD,,Currency Pairs - LF Strength Index,,,,,,,
USD (DXY),"98,480","30,611","3,014,571,280","20,725","2,040,998,000","8,782","864,851,360","11,943","1,176,146,640","-3,161",-10.33%,-15.25%,-4.06%,"-311,295,280","-311,295,280",,AUDNZD,AUDCAD,GBPNZD,GBPCAD,AUDJPY,AUDCHF,GBPJPY,
EUR,"125,000","801,430","117,273,251,900","212,120","31,039,519,600","111,857","13,982,125,000","100,263","12,532,875,000","11,594",1.45%,5.47%,-4.38%,"1,449,250,000","1,696,550,020",,51.00%,49.80%,43.40%,42.20%,39.80%,37.30%,32.20%,
GBP,"62,500","263,635","22,269,083,678","88,096","7,441,414,060","58,489","3,655,562,500","29,607","1,850,437,500","28,882",10.96%,32.78%,1.09%,"1,805,125,000","2,439,644,489",,AUDUSD,EURNZD,GBPCHF,EURCAD,GBPUSD,EURJPY,USDCAD,
CAD,"100,000","252,679","18,476,141,159","104,306","7,626,959,026","25,239","2,523,900,000","79,067","7,906,700,000","-53,828",-21.30%,-51.61%,12.63%,"-5,382,800,000","-3,935,957,188",,31.60%,29.80%,29.70%,28.50%,24.00%,18.60%,18.20%,
AUD,"100,000","277,370","19,813,925,950","99,761","7,126,427,035","73,808","7,380,800,000","25,953","2,595,300,000","47,855",17.25%,47.97%,-0.86%,"4,785,500,000","3,418,521,925",,EURCHF,EURUSD,USDJPY,USDCHF,CHFJPY,NZDCAD,GBPAUD,
NZD,"100,000","83,529","4,903,904,061","31,153","1,828,961,477","7,160","716,000,000","23,993","2,399,300,000","-16,833",-20.15%,-54.03%,9.03%,"-1,683,300,000","-988,248,597",,16.10%,10.40%,8.20%,5.70%,2.50%,-1.20%,-7.60%,
CHF,"125,000","94,111","14,961,060,947","19,388","3,082,158,830","7,107","888,375,000","12,281","1,535,125,000","-5,174",-5.50%,-26.69%,-8.17%,"-646,750,000","-822,523,715",,CADJPY,NZDJPY,CADCHF,EURGBP,NZDCHF,NZDUSD,EURAUD,
JPY,"12,500,000","372,780","29,216,632,500","239,402","18,763,131,750","81,800","1,022,500,000,000","157,602","1,970,025,000,000","-75,802",-20.33%,-31.66%,-1.74%,"-947,525,000,000","-5,940,981,750",,-10.00%,-11.20%,-12.50%,-13.70%,-13.70%,-19.40%,-21.20%,
SP500 (E-MINI),"361,506","1,959,933","708,527,539,098","648,506","234,438,810,036","120,508","43,564,365,048","527,998","190,874,444,988","-407,490",-20.79%,-62.84%,-0.55%,"-147,310,079,940","-147,310,079,940",,,,,,,,,
NAS100 (NQ MINI),"554,207","275,963","152,940,626,341","126,784","70,264,580,288","45,417","25,170,419,319","81,367","45,094,160,969","-35,950",-13.03%,-28.36%,2.42%,"-19,923,741,650","-19,923,741,650",,,,,,,,,
US30 (YM),"247,496","74,874","18,531,015,504","27,085","6,703,429,160","7,413","1,834,687,848","19,672","4,868,741,312","-12,259",-16.37%,-45.26%,-0.10%,"-3,034,053,464","-3,034,053,464",,,,,,,,,
,,,,,,,,,,,,,,,,,,,,,,,,
"Week of April 21, 2026 - COT Leveraged Funds >>> valid for trades from April 27, 2026",,,,,,,,,,,,,,,,,,,,,,,,
Currency,Contract Value,Open Interest TOTAL,Open Interest TOTAL USD,Open Interest LF,Open Interest LF USD,Long Positions,Long Value,Short Positions,Short Value,Net Positions,Net Percent,Net Percent LF,Net % LF Δ,Net Value (Base Currency),Net Value USD,,Currency Pairs - LF Strength Index,,,,,,,
USD (DXY),"98,050","30,651","3,005,330,550","21,521","2,110,134,050","9,556","936,965,800","11,965","1,173,168,250","-2,409",-7.86%,-11.19%,1.57%,"-236,202,450","-236,202,450",,AUDCAD,AUDNZD,GBPCAD,GBPNZD,AUDJPY,EURCAD,EURNZD,
EUR,"125,000","790,622","116,035,637,830","206,201","30,263,089,765","113,259","14,157,375,000","92,942","11,617,750,000","20,317",2.57%,9.85%,-2.24%,"2,539,625,000","2,981,824,505",,56.50%,55.90%,48.00%,47.40%,39.40%,37.00%,36.50%,
GBP,"62,500","263,523","22,209,059,633","91,935","7,748,051,963","60,536","3,783,500,000","31,399","1,962,437,500","29,137",11.06%,31.69%,5.65%,"1,821,062,500","2,455,593,518",,AUDCHF,GBPJPY,AUDUSD,USDCAD,GBPCHF,GBPUSD,EURJPY,
CAD,"100,000","255,128","18,615,669,648","99,965","7,294,046,190","17,875","1,787,500,000","82,090","8,209,000,000","-64,215",-25.17%,-64.24%,-6.66%,"-6,421,500,000","-4,685,511,690",,33.70%,30.80%,30.00%,26.50%,25.10%,21.40%,19.90%,
AUD,"100,000","275,415","19,650,860,250","98,957","7,060,581,950","73,641","7,364,100,000","25,316","2,531,600,000","48,325",17.55%,48.83%,0.68%,"4,832,500,000","3,447,988,750",,EURCHF,EURUSD,USDJPY,CHFJPY,USDCHF,NZDCAD,GBPAUD,
NZD,"100,000","82,508","4,839,259,216","28,644","1,680,027,888","5,291","529,100,000","23,353","2,335,300,000","-18,062",-21.89%,-63.06%,-6.31%,"-1,806,200,000","-1,059,372,424",,14.20%,10.50%,9.40%,5.70%,3.70%,0.60%,-8.60%,
CHF,"125,000","91,532","14,600,040,490","20,330","3,242,787,475","8,282","1,035,250,000","12,048","1,506,000,000","-3,766",-4.11%,-18.52%,-2.29%,"-470,750,000","-600,705,245",,EURGBP,NZDJPY,CADJPY,EURAUD,NZDCHF,CADCHF,NZDUSD,
JPY,"12,500,000","351,782","27,614,887,000","228,937","17,971,554,500","80,220","1,002,750,000,000","148,717","1,858,962,500,000","-68,497",-19.47%,-29.92%,-3.98%,"-856,212,500,000","-5,377,014,500",,-10.90%,-16.60%,-17.20%,-19.50%,-22.30%,-22.90%,-25.90%,
SP500 (E-MINI),"360,451","1,963,317","707,679,575,967","661,987","238,613,876,137","124,833","44,996,179,683","537,154","193,617,696,454","-412,321",-21%,-62.29%,0.77%,"-148,621,516,771","-148,621,516,771",,,,,,,,,
NAS100 (NQ MINI),"549,042","267,620","146,934,620,040","126,696","69,561,425,232","43,848","24,074,393,616","82,848","45,487,031,616","-39,000",-14.57%,-30.78%,5.05%,"-21,412,638,000","-21,412,638,000",,,,,,,,,
US30 (YM),"248,261","71,200","17,676,183,200","22,110","5,489,050,710","6,063","1,505,206,443","16,047","3,983,844,267","-9,984",-14.02%,-45.16%,1.91%,"-2,478,637,824","-2,478,637,824",,,,,,,,,
,,,,,,,,,,,,,,,,,,,,,,,,
"Week of April 14, 2026 - COT Leveraged Funds >>> valid for trades from April 20, 2026",,,,,,,,,,,,,,,,,,,,,,,,
Currency,Contract Value,Open Interest TOTAL,Open Interest TOTAL USD,Open Interest LF,Open Interest LF USD,Long Positions,Long Value,Short Positions,Short Value,Net Positions,Net Percent,Net Percent LF,Net % LF Δ,Net Value (Base Currency),Net Value USD,,Currency Pairs - LF Strength Index,,,,,,,
USD,"98,370","32,911","3,237,455,070","24,257","2,386,161,090","10,581","1,040,852,970","13,676","1,345,308,120","-3,095",-9.40%,-12.76%,18%,"-304,455,150","-304,455,150",,AUDCAD,AUDNZD,GBPCAD,GBPNZD,AUDJPY,EURCAD,EURNZD,
EUR,"125,000","788,828","115,121,558,320","210,006","30,648,275,640","117,694","14,711,750,000","92,312","11,539,000,000","25,382",3.22%,12.09%,11.67%,"3,172,750,000","3,704,249,080",,52.90%,52.50%,41.80%,41.40%,37.00%,34.80%,34.40%,
GBP,"62,500","250,053","20,933,186,895","85,763","7,179,649,545","54,047","3,377,937,500","31,716","1,982,250,000","22,331",8.93%,26.04%,-5.17%,"1,395,687,500","1,869,439,665",,AUDCHF,AUDUSD,GBPJPY,USDCAD,GBPCHF,GBPUSD,EURJPY,
CAD,"100,000","259,258","18,688,353,672","106,650","7,687,758,600","22,623","2,262,300,000","84,027","8,402,700,000","-61,404",-23.68%,-57.58%,-16.73%,"-6,140,400,000","-4,426,245,936",,32.20%,30.50%,26.00%,22.40%,21.10%,19.40%,19.00%,
AUD,"100,000","263,918","18,526,779,682","90,642","6,362,977,758","67,142","6,714,200,000","23,500","2,350,000,000","43,642",16.54%,48.15%,0.13%,"4,364,200,000","3,063,624,758",,EURCHF,EURUSD,USDJPY,CHFJPY,USDCHF,NZDCAD,EURGBP,
NZD,"100,000","80,727","4,685,637,261","30,115","1,747,964,945","6,512","651,200,000","23,603","2,360,300,000","-17,091",-21.17%,-56.75%,-10.01%,"-1,709,100,000","-992,012,913",,14.20%,12.40%,6.60%,4.90%,1.70%,0.40%,-7.00%,
CHF,"125,000","93,376","14,725,978,800","21,077","3,323,974,631","8,828","1,103,500,000","12,249","1,531,125,000","-3,421",-3.66%,-16.23%,-15.75%,"-427,625,000","-539,513,081",,GBPAUD,NZDJPY,CADJPY,EURAUD,NZDCHF,CADCHF,NZDUSD,
JPY,"12,500,000","354,344","27,727,418,000","209,919","16,426,161,750","77,737","971,712,500,000","132,182","1,652,275,000,000","-54,445",-15.37%,-25.94%,-0.96%,"-680,562,500,000","-4,260,321,250",,-11.10%,-15.40%,-15.80%,-18.00%,-20.30%,-20.70%,-22.00%,
SP500 (E-MINI),"265,000","1,959,076","519,155,140,000","666,628","176,656,420,000","123,136","32,631,040,000","543,492","144,025,380,000",-420356,-21.46%,-63.06%,-17.87%,"-111,394,340,000","-111,394,340,000",,,,,,,,,
NAS100 (NQ MINI),"370,000","260,197","96,272,890,000","138,609","51,285,330,000","44,471","16,454,270,000","94,138","34,831,060,000",-49667,-19.09%,-35.83%,-6.83%,"-18,376,790,000","-18,376,790,000",,,,,,,,,
US30 (YM),"200,000","68,873","13,774,600,000","25,862","5,172,400,000","6,844","1,368,800,000","19,018","3,803,600,000",-12174,-17.68%,-47.07%,-17.18%,"-2,434,800,000","-2,434,800,000",,,,,,,,,
,,,,,,,,,,,,,,,,,,,,,,,,
"Week of April 7, 2026 - COT Leveraged Funds >>> valid for trades from April 13, 2026",,,,,,,,,,,,,,,,,,,,,,,,
Currency,Contract Value,Open Interest TOTAL,Open Interest TOTAL USD,Open Interest LF,Open Interest LF USD,Long Positions,Long Value,Short Positions,Short Value,Net Positions,Net Percent,Net Percent LF,Net % LF Δ,Net Value (Base Currency),Net Value USD,,Currency Pairs - LF Strength Index,,,,,,,
USD,"99,980","36,573","3,656,568,540","28,095","2,808,938,100","9,727","972,505,460","18,368","1,836,432,640","-8,641",-23.63%,-30.76%,-2.56%,"-863,927,180","-863,927,180",,AUDNZD,AUDCAD,AUDUSD,GBPNZD,AUDJPY,GBPCAD,GBPUSD,
EUR,"125,000","775,043","111,509,311,625","208,442","29,989,592,750","104,662","13,082,750,000","103,780","12,972,500,000",882,0.11%,0.42%,-1.47%,"110,250,000","126,897,750",,47.40%,44.40%,39.40%,39.00%,36.50%,36.00%,31.00%,
GBP,"62,500","244,191","20,124,848,646","85,025","7,007,282,234","55,779","3,486,187,500","29,246","1,827,875,000","26,533",10.87%,31.21%,-3.25%,"1,658,312,500","2,186,700,612",,GBPJPY,AUDCHF,EURNZD,EURCAD,GBPCHF,EURUSD,EURJPY,
CAD,"100,000","240,735","17,262,384,645","108,066","7,749,088,662","31,961","3,196,100,000","76,105","7,610,500,000","-44,144",-18.34%,-40.85%,2.25%,"-4,414,400,000","-3,165,433,808",,28.10%,24.30%,23.60%,20.60%,15.80%,15.60%,12.70%,
AUD,"100,000","264,658","18,223,026,590","95,595","6,582,193,725","70,748","7,074,800,000","24,847","2,484,700,000","45,901",17.34%,48.02%,-4.65%,"4,590,100,000","3,160,513,355",,CHFJPY,USDCAD,EURCHF,USDJPY,NZDCAD,CADJPY,NZDUSD,
NZD,"100,000","76,952","4,376,029,384","33,855","1,925,232,285","9,015","901,500,000","24,840","2,484,000,000","-15,825",-20.56%,-46.74%,14%,"-1,582,500,000","-899,920,275",,12.30%,5.00%,0.50%,-2.90%,-2.90%,-7.90%,-8.00%,
CHF,"125,000","86,646","13,519,050,458","20,077","3,132,539,021","9,990","1,248,750,000","10,087","1,260,875,000",-97,-0.11%,-0.48%,-7.97%,"-12,125,000","-15,134,546",,GBPAUD,NZDJPY,USDCHF,EURGBP,CADCHF,NZDCHF,EURAUD,
JPY,"12,500,000","349,373","27,338,437,250","204,636","16,012,767,000","76,763","959,537,500,000","127,873","1,598,412,500,000","-51,110",-14.63%,-24.98%,-1.96%,"-638,875,000,000","-3,999,357,500",,-8.40%,-10.90%,-15.10%,-15.40%,-20.20%,-23.10%,-23.80%,
SP500 (E-MINI),"265,000","1,929,090","511,208,850,000","541,035","143,374,275,000","148,276","39,293,140,000","392,759","104,081,135,000",-244483,-12.67%,-45.19%,-3.53%,"-64,787,995,000","-64,787,995,000",,,,,,,,,
NAS100 (NQ MINI),"370,000","246,794","91,313,780,000","133,870","49,531,900,000","47,521","17,582,770,000","86,349","31,949,130,000",-38828,-15.73%,-29%,-0.86%,"-14,366,360,000","-14,366,360,000",,,,,,,,,
US30 (YM),"200,000","68,557","13,711,400,000","24,774","4,954,800,000","8,684","1,736,800,000","16,090","3,218,000,000",-7406,-10.80%,-29.89%,1.74%,"-1,481,200,000","-1,481,200,000",,,,,,,,,
,,,,,,,,,,,,,,,,,,,,,,,,
"Week of March 31, 2026 - COT Leveraged Funds >>> valid for trades from April 6, 2026",,,,,,,,,,,,,,,,,,,,,,,,
Currency,Contract Value,Open Interest TOTAL,Open Interest TOTAL USD,Open Interest LF,Open Interest LF USD,Long Positions,Long Value,Short Positions,Short Value,Net Positions,Net Percent,Net Percent LF,Net % LF Δ,Net Value (Base Currency),Net Value USD,,Currency Pairs - LF Strength Index,,,,,,,
USD,"100,510","38,735","3,893,254,850","31,318","3,147,772,180","11,243","1,130,033,930","20,075","2,017,738,250","-8,832",-22.80%,-28.20%,-4.14%,"-887,704,320","-887,704,320",,AUDNZD,AUDCAD,GBPNZD,AUDUSD,GBPCAD,AUDJPY,GBPUSD,
EUR,"125,000","774,237","111,219,145,050","208,635","29,970,417,750","106,291","13,286,375,000","102,344","12,793,000,000","3,947",0.51%,1.89%,8.35%,"493,375,000","566,986,550",,56.70%,47.90%,47.60%,40.40%,38.80%,37.80%,31.30%,
GBP,"62,500","243,461","20,143,963,140","86,872","7,187,789,280","58,402","3,650,125,000","28,470","1,779,375,000","29,932",12.29%,34.46%,14.61%,"1,870,750,000","2,476,573,680",,EURNZD,GBPJPY,AUDCHF,EURCAD,CHFJPY,EURUSD,GBPCHF,
CAD,"100,000","217,085","15,618,180,325","99,560","7,162,844,200","28,325","2,832,500,000","71,235","7,123,500,000","-42,910",-19.77%,-43.10%,-5.89%,"-4,291,000,000","-3,087,159,950",,31.30%,28.70%,22.60%,22.50%,15.30%,15.00%,13.50%,
AUD,"100,000","263,962","18,083,772,658","99,807","6,837,677,763","76,188","7,618,800,000","23,619","2,361,900,000","52,569",19.92%,52.67%,-3.17%,"5,256,900,000","3,601,449,621",,EURJPY,USDCAD,USDJPY,EURCHF,NZDCAD,GBPAUD,CADJPY,
NZD,"100,000","70,805","4,055,639,595","29,302","1,678,389,258","5,752","575,200,000","23,550","2,355,000,000","-17,798",-25.14%,-60.74%,-7.88%,"-1,779,800,000","-1,019,451,642",,12.50%,7.50%,-2.60%,-2.80%,-8.80%,-9.10%,-10.00%,
CHF,"125,000","79,740","12,462,464,925","19,900","3,110,146,125","10,695","1,336,875,000","9,205","1,150,625,000","1,490",1.87%,7.49%,5.99%,"186,250,000","232,870,238",,NZDUSD,EURGBP,USDCHF,NZDJPY,CADCHF,EURAUD,NZDCHF,
JPY,"12,500,000","345,276","26,931,528,000","200,646","15,650,388,000","77,232","965,400,000,000","123,414","1,542,675,000,000","-46,182",-13.38%,-23.02%,5.74%,"-577,275,000,000","-3,602,196,000",,-16.30%,-16.30%,-17.80%,-18.90%,-25.30%,-25.40%,-34.10%,
SP500 (E-MINI),"265,000","1,947,769","516,158,785,000","560,262","148,469,430,000","163,425","43,307,625,000","396,837","105,161,805,000",-233412,-11.98%,-41.66%,14.23%,"-61,854,180,000","-61,854,180,000",,,,,,,,,
NAS100 (NQ MINI),"370,000","245,322","90,769,140,000","131,867","48,790,790,000","47,382","17,531,340,000","84,485","31,259,450,000",-37103,-15.12%,-28.14%,1.38%,"-13,728,110,000","-13,728,110,000",,,,,,,,,
US30 (YM),"200,000","68,213","13,642,600,000","24,174","4,834,800,000","8,264","1,652,800,000","15,910","3,182,000,000",-7646,-11.21%,-31.63%,-19.63%,"-1,529,200,000","-1,529,200,000",,,,,,,,,
,,,,,,,,,,,,,,,,,,,,,,,,
"Week of March 24, 2026 - COT Leveraged Funds >>> valid for trades from March 30, 2026",,,,,,,,,,,,,,,,,,,,,,,,
Currency,Contract Value,Open Interest TOTAL,Open Interest TOTAL USD,Open Interest LF,Open Interest LF USD,Long Positions,Long Value,Short Positions,Short Value,Net Positions,Net Percent,Net Percent LF,Net % LF Δ,Net Value (Base Currency),Net Value USD,,Currency Pairs - LF Strength Index,,,,,,,
USD,"98,950","36,113","3,573,381,350","28,767","2,846,494,650","10,923","1,080,830,850","17,844","1,765,663,800","-6,921",-19.16%,-24.06%,-3.97%,"-684,832,950","-684,832,950",,AUDNZD,AUDCAD,AUDJPY,AUDUSD,GBPNZD,GBPCAD,AUDCHF,
EUR,"125,000","764,691","110,499,761,228","209,508","30,274,429,770","97,985","12,248,125,000","111,523","13,940,375,000","-13,538",-1.77%,-6.46%,-3.31%,"-1,692,250,000","-1,956,274,845",,54.40%,46.50%,42.30%,40.00%,36.40%,28.50%,27.20%,
GBP,"62,500","238,862","19,902,578,995","79,184","6,597,808,840","47,450","2,965,625,000","31,734","1,983,375,000","15,716",6.58%,19.85%,5.44%,"982,250,000","1,309,496,410",,GBPJPY,EURNZD,GBPUSD,EURCAD,CHFJPY,EURJPY,GBPCHF,
CAD,"100,000","182,798","13,333,468,918","85,202","6,214,719,082","26,751","2,675,100,000","58,451","5,845,100,000","-31,700",-17.34%,-37.21%,4.64%,"-3,170,000,000","-2,312,229,700",,24.30%,23.20%,22.00%,15.40%,15.10%,11.20%,9.20%,
AUD,"100,000","257,694","18,058,680,132","88,009","6,167,494,702","68,577","6,857,700,000","19,432","1,943,200,000","49,145",19.07%,55.84%,7.01%,"4,914,500,000","3,443,983,310",,EURUSD,USDCAD,USDJPY,EURCHF,CADJPY,NZDCAD,NZDJPY,
NZD,"100,000","65,011","3,790,921,432","31,652","1,845,691,424","7,461","746,100,000","24,191","2,419,100,000","-16,730",-25.73%,-52.86%,5.65%,"-1,673,000,000","-975,559,760",,8.80%,6.60%,2.40%,-4.00%,-4.20%,-7.80%,-12.00%,
CHF,"125,000","76,518","12,140,824,118","15,665","2,485,506,806","7,950","993,750,000","7,715","964,375,000",235,0.31%,1.50%,-2.11%,"29,375,000","37,286,569",,USDCHF,EURGBP,NZDUSD,GBPAUD,CADCHF,NZDCHF,EURAUD,
JPY,"12,500,000","328,210","25,764,485,000","190,694","14,969,479,000","67,921","849,012,500,000","122,773","1,534,662,500,000","-54,852",-16.71%,-28.76%,3.37%,"-685,650,000,000","-4,305,882,000",,-12.80%,-13.20%,-14.40%,-18.00%,-19.40%,-27.20%,-31.10%,
SP500 (E-MINI),"265,000","1,879,423","498,047,095,000","615,715","163,164,475,000","135,794","35,985,410,000","479,921","127,179,065,000",-344127,-18.31%,-55.89%,-2.68%,"-91,193,655,000","-91,193,655,000",,,,,,,,,
NAS100 (NQ MINI),"370,000","235,906","87,285,220,000","133,385","49,352,450,000","47,003","17,391,110,000","86,382","31,961,340,000",-39379,-16.69%,-29.52%,-6.08%,"-14,570,230,000","-14,570,230,000",,,,,,,,,
US30 (YM),"200,000","67,922","13,584,400,000","25,487","5,097,400,000","11,214","2,242,800,000","14,273","2,854,600,000",-3059,-4.50%,-12%,-15.23%,"-611,800,000","-611,800,000",,,,,,,,,
,,,,,,,,,,,,,,,,,,,,,,,,
"Week of March 17, 2026 - COT Leveraged Funds >>> valid for trades from March 23, 2026",,,,,,,,,,,,,,,,,,,,,,,,
Currency,Contract Value,Open Interest TOTAL,Open Interest TOTAL USD,Open Interest LF,Open Interest LF USD,Long Positions,Long Value,Short Positions,Short Value,Net Positions,Net Percent,Net Percent LF,Net % LF Δ,Net Value (Base Currency),Net Value USD,,Currency Pairs - LF Strength Index,,,,,,,
USD,"99,710","35,456","3,535,317,760","27,953","2,787,193,630","11,169","1,113,660,990","16,784","1,673,532,640","-5,615",-15.84%,-20.09%,19.63%,"-559,871,650","-559,871,650",,AUDNZD,AUDCAD,AUDJPY,GBPNZD,AUDUSD,GBPCAD,EURNZD,
EUR,"125,000","755,789","108,031,534,924","220,788","31,559,160,735","106,918","13,364,750,000","113,870","14,233,750,000","-6,952",-0.92%,-3.15%,-5.69%,"-869,000,000","-993,710,190",,53.70%,45.30%,40.50%,36.50%,34.50%,28.10%,27.70%,
GBP,"62,500","243,434","20,155,878,761","81,644","6,759,970,118","46,706","2,919,125,000","34,938","2,183,625,000","11,768",4.83%,14.41%,-11.52%,"735,500,000","974,368,335",,GBPJPY,AUDCHF,EURCAD,CHFJPY,GBPUSD,EURJPY,USDCAD,
CAD,"100,000","247,753","18,068,626,290","90,438","6,595,643,340","26,293","2,629,300,000","64,145","6,414,500,000","-37,852",-15.28%,-41.85%,-2.18%,"-3,785,200,000","-2,760,546,360",,23.30%,22.60%,19.40%,17.90%,17.30%,14.50%,10.90%,
AUD,"100,000","265,675","18,612,393,475","92,889","6,507,524,673","69,124","6,912,400,000","23,765","2,376,500,000","45,359",17.07%,48.83%,-1.03%,"4,535,900,000","3,177,715,463",,EURUSD,USDJPY,GBPCHF,EURCHF,CADJPY,NZDCAD,EURGBP,
NZD,"100,000","64,084","3,715,141,732","27,205","1,577,155,465","5,644","564,400,000","21,561","2,156,100,000","-15,917",-24.84%,-58.51%,-43.40%,"-1,591,700,000","-922,756,241",,8.50%,6.00%,5.40%,-3.40%,-4.90%,-8.30%,-8.80%,
CHF,"125,000","74,101","11,726,020,119","14,203","2,247,535,981","7,358","919,750,000","6,845","855,625,000",513,0.69%,3.61%,-21.24%,"64,125,000","81,179,044",,USDCHF,NZDJPY,GBPAUD,NZDUSD,CADCHF,EURAUD,NZDCHF,
JPY,"12,500,000","326,688","25,604,172,000","203,635","15,959,893,125","69,103","863,787,500,000","134,532","1,681,650,000,000","-65,429",-20.03%,-32.13%,-8.04%,"-817,862,500,000","-5,127,997,875",,-11.80%,-13.20%,-17.20%,-19.20%,-22.70%,-26.00%,-31.10%,
SP500 (E-MINI),"265,000","2,330,659","617,624,635,000","639,969","169,591,785,000","149,731","39,678,715,000","490,238","129,913,070,000",-340507,-14.61%,-53.21%,-0.39%,"-90,234,355,000","-90,234,355,000",,,,,,,,,
NAS100 (NQ MINI),"370,000","300,943","111,348,910,000","134,224","49,662,880,000","51,381","19,010,970,000","82,843","30,651,910,000",-31462,-10.45%,-23.44%,-4.27%,"-11,640,940,000","-11,640,940,000",,,,,,,,,
US30 (YM),"200,000","91,467","18,293,400,000","40,681","8,136,200,000","20,997","4,199,400,000","19,684","3,936,800,000",1313,1.44%,3.23%,-1.90%,"262,600,000","262,600,000",,,,,,,,,
,,,,,,,,,,,,,,,,,,,,,,,,
"Week of March 10, 2026 - COT Leveraged Funds >>> valid for trades from March 16, 2026",,,,,,,,,,,,,,,,,,,,,,,,
Currency,Contract Value,Open Interest TOTAL,Open Interest TOTAL USD,Open Interest LF,Open Interest LF USD,Long Positions,Long Value,Short Positions,Short Value,Net Positions,Net Percent,Net Percent LF,Net % LF Δ,Net Value (Base Currency),Net Value USD,,Currency Pairs - LF Strength Index,,,,,,,
USD,"99,180","32,012","3,174,950,160","29,417","2,917,578,060","8,867","879,429,060","20,550","2,038,149,000","-11,683",-36.50%,-39.72%,-21.40%,"-1,158,719,940","-1,158,719,940",,AUDUSD,AUDCAD,AUDJPY,GBPUSD,GBPCAD,AUDNZD,GBPJPY,
EUR,"125,000","969,374","139,629,842,678","205,953","29,665,727,561","105,592","13,199,000,000","100,361","12,545,125,000","5,231",0.54%,2.54%,-10.50%,"653,875,000","753,479,779",,44.80%,44.80%,37.00%,32.80%,32.80%,32.50%,25.00%,
GBP,"62,500","392,591","32,636,825,938","77,534","6,445,546,796","48,818","3,051,125,000","28,716","1,794,750,000","20,102",5.12%,25.93%,-8.01%,"1,256,375,000","1,671,116,951",,CHFJPY,EURUSD,EURCAD,GBPNZD,EURJPY,AUDCHF,NZDUSD,
CAD,"100,000","288,392","21,202,003,056","93,663","6,885,916,434","28,252","2,825,200,000","65,411","6,541,100,000","-37,159",-12.88%,-39.67%,5.66%,"-3,715,900,000","-2,731,855,362",,24.50%,21.10%,21.10%,20.50%,13.30%,12.50%,12.30%,
AUD,"100,000","315,898","22,006,086,476","93,392","6,505,873,504","69,980","6,998,000,000","23,412","2,341,200,000","46,568",14.74%,49.86%,0.51%,"4,656,800,000","3,244,020,016",,NZDCAD,EURNZD,NZDJPY,GBPCHF,USDCAD,USDJPY,CADJPY,
NZD,"100,000","84,215","4,926,745,930","27,564","1,612,549,128","11,699","1,169,900,000","15,865","1,586,500,000","-4,166",-4.95%,-15.11%,16.44%,"-416,600,000","-243,719,332",,12.30%,8.80%,4.50%,0.50%,0.00%,-7.80%,-7.80%,
CHF,"125,000","110,897","17,744,213,106","17,220","2,755,307,625","10,750","1,343,750,000","6,470","808,750,000","4,280",3.86%,24.85%,0.65%,"535,000,000","684,826,750",,EURCHF,EURGBP,GBPAUD,NZDCHF,EURAUD,USDCHF,CADCHF,
JPY,"12,500,000","427,718","33,736,257,250","204,311","16,115,030,125","77,546","969,325,000,000","126,765","1,584,562,500,000","-49,219",-11.51%,-24.09%,-7.93%,"-615,237,500,000","-3,882,148,625",,-11.20%,-11.70%,-12.00%,-20.00%,-23.70%,-32.30%,-32.30%,
SP500 (E-MINI),"265,000","1,996,720","529,130,800,000","662,583","175,584,495,000","156,297","41,418,705,000","506,286","134,165,790,000",-349989,-17.53%,-52.82%,3.57%,"-92,747,085,000","-92,747,085,000",,,,,,,,,
NAS100 (NQ MINI),"370,000","259,842","96,141,540,000","131,281","48,573,970,000","53,057","19,631,090,000","78,224","28,942,880,000",-25167,-9.69%,-19.17%,-2.86%,"-9,311,790,000","-9,311,790,000",,,,,,,,,
US30 (YM),"200,000","71,187","14,237,400,000","37,325","7,465,000,000","19,620","3,924,000,000","17,705","3,541,000,000",1915,2.69%,5.13%,2.58%,"383,000,000","383,000,000",,,,,,,,,
,,,,,,,,,,,,,,,,,,,,,,,,
"Week of March 3, 2026 - COT Leveraged Funds >>> valid for trades from March 9, 2026",,,,,,,,,,,,,,,,,,,,,,,,
Currency,Contract Value,Open Interest TOTAL,Open Interest TOTAL USD,Open Interest LF,Open Interest LF USD,Long Positions,Long Value,Short Positions,Short Value,Net Positions,Net Percent,Net Percent LF,Net % LF Δ,Net Value (Base Currency),Net Value USD,,Currency Pairs - LF Strength Index,,,,,,,
USD,"98,380","29,871","2,938,708,980","24,825","2,442,283,500","10,139","997,474,820","14,686","1,444,808,680","-4,547",-15.22%,-18.32%,-21.95%,"-447,333,860","-447,333,860",,AUDCAD,AUDNZD,GBPCAD,AUDUSD,AUDJPY,GBPNZD,EURCAD,
EUR,"125,000","913,289","134,246,633,333","227,254","33,404,633,595","128,443","16,055,375,000","98,811","12,351,375,000","29,632",3.24%,13.04%,-4.90%,"3,704,000,000","4,355,681,760",,47.30%,40.50%,39.60%,33.80%,32.80%,32.70%,29.20%,
GBP,"62,500","269,696","22,598,164,960","101,654","8,517,715,728","68,080","4,255,000,000","33,574","2,098,375,000","34,506",12.79%,33.94%,-6.96%,"2,156,625,000","2,891,300,873",,GBPUSD,GBPJPY,EURNZD,CHFJPY,EURUSD,EURJPY,USDCAD,
CAD,"100,000","232,433","17,005,030,713","91,259","6,676,599,699","24,944","2,494,400,000","66,315","6,631,500,000","-41,371",-17.80%,-45.33%,-4.67%,"-4,137,100,000","-3,026,743,731",,26.10%,25.00%,22.30%,20.20%,15.70%,14.60%,13.50%,
AUD,"100,000","267,280","18,864,889,680","110,703","7,813,528,443","82,669","8,266,900,000","28,034","2,803,400,000","54,635",20.44%,49.35%,-4.15%,"5,463,500,000","3,856,192,935",,AUDCHF,NZDCAD,GBPCHF,USDJPY,EURCHF,NZDUSD,GBPAUD,
NZD,"100,000","79,462","4,734,107,574","32,633","1,944,176,241","11,169","1,116,900,000","21,464","2,146,400,000","-10,295",-12.96%,-31.55%,2.79%,"-1,029,500,000","-613,345,215",,12.60%,6.90%,4.90%,-1.10%,-5.60%,-6.60%,-7.70%,
CHF,"125,000","105,413","17,122,892,421","18,412","2,990,776,235","11,434","1,429,250,000","6,978","872,250,000","4,456",4.23%,24.20%,1.04%,"557,000,000","723,815,930",,NZDJPY,EURGBP,CADJPY,EURAUD,USDCHF,NZDCHF,CADCHF,
JPY,"12,500,000","416,977","33,253,915,750","211,757","16,887,620,750","88,766","1,109,575,000,000","122,991","1,537,387,500,000","-34,225",-8.21%,-16.16%,-3.05%,"-427,812,500,000","-2,729,443,750",,-7.70%,-10.40%,-14.60%,-18.20%,-21.30%,-27.90%,-34.80%,
SP500 (E-MINI),"265,000","2,060,733","546,094,245,000","720,588","190,955,820,000","157,124","41,637,860,000","563,464","149,317,960,000",-406340,-19.72%,-56.39%,10.51%,"-107,680,100,000","-107,680,100,000",,,,,,,,,
NAS100 (NQ MINI),"370,000","273,307","101,123,590,000","133,599","49,431,630,000","55,905","20,684,850,000","77,694","28,746,780,000",-21789,-7.97%,-16.31%,-3.46%,"-8,061,930,000","-8,061,930,000",,,,,,,,,
US30 (YM),"200,000","71,894","14,378,800,000","38,757","7,751,400,000","19,872","3,974,400,000","18,885","3,777,000,000",987,1.37%,2.55%,15.58%,"197,400,000","197,400,000",,,,,,,,,
,,,,,,,,,,,,,,,,,,,,,,,,
"Week of February 24, 2026 - COT Leveraged Funds >>> valid for trades from March 2, 2026",,,,,,,,,,,,,,,,,,,,,,,,
Currency,Contract Value,Open Interest TOTAL,Open Interest TOTAL USD,Open Interest LF,Open Interest LF USD,Long Positions,Long Value,Short Positions,Short Value,Net Positions,Net Percent,Net Percent LF,Net % LF Δ,Net Value (Base Currency),Net Value USD,,Currency Pairs - LF Strength Index,,,,,,,
USD,"97,700","26,218","2,561,498,600","23,390","2,285,203,000","12,120","1,184,124,000","11,270","1,101,079,000",850,3.24%,3.63%,-4.29%,"83,045,000","83,045,000",,AUDCAD,AUDNZD,GBPCAD,GBPNZD,AUDJPY,EURCAD,GBPJPY,
EUR,"125,000","911,287","134,810,103,236","205,131","30,345,798,071","120,964","15,120,500,000","84,167","10,520,875,000","36,797",4.04%,17.94%,-2.85%,"4,599,625,000","5,443,518,199",,47.10%,43.90%,40.80%,37.60%,33.30%,29.30%,27.00%,
GBP,"62,500","245,891","20,798,229,189","98,177","8,304,117,463","69,164","4,322,750,000","29,013","1,813,312,500","40,151",16.33%,40.90%,1.46%,"2,509,437,500","3,396,097,052",,EURNZD,AUDUSD,USDCAD,GBPUSD,CHFJPY,EURJPY,AUDCHF,
CAD,"100,000","222,562","16,306,672,616","83,861","6,144,327,748","24,880","2,488,000,000","58,981","5,898,100,000","-34,101",-15.32%,-40.66%,8.19%,"-3,410,100,000","-2,498,512,068",,26.10%,24.90%,22.10%,18.60%,18.10%,15.50%,15.20%,
AUD,"100,000","248,697","17,685,838,458","120,849","8,594,055,786","92,751","9,275,100,000","28,098","2,809,800,000","64,653",26%,53.50%,1.89%,"6,465,300,000","4,597,733,442",,GBPCHF,USDJPY,EURUSD,NZDCAD,EURCHF,GBPAUD,USDCHF,
NZD,"100,000","71,503","4,293,040,120","29,884","1,794,235,360","9,811","981,100,000","20,073","2,007,300,000","-10,262",-14.35%,-34.34%,5.42%,"-1,026,200,000","-616,130,480",,8.90%,8.40%,7.20%,3.20%,-2.60%,-6.30%,-9.80%,
CHF,"125,000","96,835","15,685,333,300","16,681","2,701,988,380","10,272","1,284,000,000","6,409","801,125,000","3,863",3.99%,23.16%,4.60%,"482,875,000","625,728,740",,NZDJPY,EURGBP,CADJPY,EURAUD,NZDUSD,NZDCHF,CADCHF,
JPY,"12,500,000","369,721","29,947,401,000","200,665","16,253,865,000","87,174","1,089,675,000,000","113,491","1,418,637,500,000","-26,317",-7.12%,-13.11%,1.94%,"-328,962,500,000","-2,131,677,000",,-10.60%,-11.50%,-13.80%,-17.80%,-19.00%,-28.70%,-31.90%,
SP500 (E-MINI),"265,000","2,017,196","534,556,940,000","710,614","188,312,710,000","117,617","31,168,505,000","592,997","157,144,205,000",-475380,-23.57%,-66.90%,-0.71%,"-125,975,700,000","-125,975,700,000",,,,,,,,,
NAS100 (NQ MINI),"370,000","270,599","100,121,630,000","128,820","47,663,400,000","56,133","20,769,210,000","72,687","26,894,190,000",-16554,-6.12%,-12.85%,-6.05%,"-6,124,980,000","-6,124,980,000",,,,,,,,,
US30 (YM),"200,000","69,944","13,988,800,000","38,029","7,605,800,000","16,536","3,307,200,000","21,493","4,298,600,000",-4957,-7.09%,-13.03%,7.46%,"-991,400,000","-991,400,000",,,,,,,,,
,,,,,,,,,,,,,,,,,,,,,,,,
"Week of February 17, 2026 - COT Leveraged Funds >>> valid for trades from February 23, 2026",,,,,,,,,,,,,,,,,,,,,,,,
Currency,Contract Value,Open Interest TOTAL,Open Interest TOTAL USD,Open Interest LF,Open Interest LF USD,Long Positions,Long Value,Short Positions,Short Value,Net Positions,Net Percent,Net Percent LF,Net % LF Δ,Net Value (Base Currency),Net Value USD,,Currency Pairs - LF Strength Index,,,,,,,
USD,"97,160","26,596","2,584,067,360","23,896","2,321,735,360","12,894","1,252,781,040","11,002","1,068,954,320","1,892",7.11%,7.92%,-1.99%,"183,826,720","183,826,720",,AUDCAD,AUDNZD,GBPCAD,GBPNZD,EURCAD,AUDJPY,EURNZD,
EUR,"125,000","916,813","136,003,478,469","209,455","31,071,340,156","126,502","15,812,750,000","82,953","10,369,125,000","43,549",4.75%,20.79%,-2.54%,"5,443,625,000","6,460,221,969",,50.20%,45.70%,44.10%,39.60%,34.80%,33.30%,30.30%,
GBP,"62,500","238,845","20,373,179,944","107,410","9,161,938,738","74,888","4,680,500,000","32,522","2,032,625,000","42,366",17.74%,39.44%,-2.54%,"2,647,875,000","3,613,766,843",,USDCAD,GBPJPY,AUDUSD,EURJPY,CHFJPY,AUDCHF,GBPUSD,
CAD,"100,000","218,415","16,038,868,695","86,042","6,318,322,186","22,004","2,200,400,000","64,038","6,403,800,000","-42,034",-19.25%,-48.85%,8.52%,"-4,203,400,000","-3,086,682,722",,28.40%,27.20%,21.80%,17.90%,16.80%,16.50%,15.80%,
AUD,"100,000","256,213","18,115,283,952","136,132","9,625,076,928","103,196","10,319,600,000","32,936","3,293,600,000","70,260",27.42%,51.61%,1.61%,"7,026,000,000","4,967,663,040",,USDJPY,GBPCHF,EURUSD,NZDCAD,EURCHF,USDCHF,GBPAUD,
NZD,"100,000","73,004","4,404,915,352","31,351","1,891,656,638","9,443","944,300,000","21,908","2,190,800,000","-12,465",-17.07%,-39.76%,-5.42%,"-1,246,500,000","-752,113,170",,11.50%,10.40%,6.40%,4.50%,1.10%,-5.30%,-6.10%,
CHF,"125,000","95,743","15,578,941,924","13,227","2,152,247,839","7,841","980,125,000","5,386","673,250,000","2,455",2.56%,18.56%,23.69%,"306,875,000","399,468,394",,EURGBP,NZDJPY,EURAUD,CADJPY,NZDUSD,NZDCHF,CADCHF,
JPY,"12,500,000","354,328","29,010,605,000","194,887","15,956,373,125","82,783","1,034,787,500,000","112,104","1,401,300,000,000","-29,321",-8.28%,-15.05%,12.77%,"-366,512,500,000","-2,400,656,875",,-9.30%,-12.40%,-15.40%,-16.90%,-23.80%,-29.20%,-33.70%,
SP500 (E-MINI),"265,000","1,966,090","521,013,850,000","701,474","185,890,610,000","118,591","31,426,615,000","582,883","154,463,995,000",-464292,-23.61%,-66.19%,-3.04%,"-123,037,380,000","-123,037,380,000",,,,,,,,,
NAS100 (NQ MINI),"370,000","272,951","100,991,870,000","137,020","50,697,400,000","63,852","23,625,240,000","73,168","27,072,160,000",-9316,-3.41%,-6.80%,0.30%,"-3,446,920,000","-3,446,920,000",,,,,,,,,
US30 (YM),"200,000","68,377","13,675,400,000","37,830","7,566,000,000","15,039","3,007,800,000","22,791","4,558,200,000",-7752,-11.34%,-20.49%,5%,"-1,550,400,000","-1,550,400,000",,,,,,,,,
,,,,,,,,,,,,,,,,,,,,,,,,
"Week of February 10, 2026 - COT Leveraged Funds >>> valid for trades from February 16, 2026",,,,,,,,,,,,,,,,,,,,,,,,
Currency,Contract Value,Open Interest TOTAL,Open Interest TOTAL USD,Open Interest LF,Open Interest LF USD,Long Positions,Long Value,Short Positions,Short Value,Net Positions,Net Percent,Net Percent LF,Net % LF Δ,Net Value (Base Currency),Net Value USD,,Currency Pairs - LF Strength Index,,,,,,,
USD,"96,820","27,789","2,690,530,980","26,743","2,589,257,260","14,696","1,422,866,720","12,047","1,166,390,540","2,649",9.53%,9.91%,7.17%,"256,476,180","256,476,180",,AUDCAD,GBPCAD,AUDNZD,EURCAD,AUDJPY,GBPNZD,GBPJPY,
EUR,"125,000","926,273","136,923,990,543","215,182","31,808,741,195","132,693","16,586,625,000","82,489","10,311,125,000","50,204",5.42%,23.33%,2.86%,"6,275,500,000","7,421,280,790",,53.70%,49.70%,42.20%,40.30%,38.90%,38.20%,34.90%,
GBP,"62,500","227,574","19,356,591,038","103,571","8,809,360,869","73,525","4,595,312,500","30,046","1,877,875,000","43,479",19.11%,41.98%,10.22%,"2,717,437,500","3,698,160,694",,USDCAD,EURNZD,AUDCHF,EURJPY,GBPCHF,AUDUSD,USDJPY,
CAD,"100,000","215,037","15,743,288,844","88,906","6,508,986,072","18,949","1,894,900,000","69,957","6,995,700,000","-51,008",-23.72%,-57.37%,1.54%,"-5,100,800,000","-3,734,397,696",,33.60%,28.80%,27.60%,25.60%,23.60%,20.00%,18.90%,
AUD,"100,000","247,194","17,386,884,378","129,810","9,130,445,970","97,357","9,735,700,000","32,453","3,245,300,000","64,904",26.26%,50%,6.79%,"6,490,400,000","4,565,152,648",,GBPUSD,EURCHF,NZDCAD,CHFJPY,USDCHF,EURUSD,NZDJPY,
NZD,"100,000","71,848","4,334,158,752","31,411","1,894,837,164","10,313","1,031,300,000","21,098","2,109,800,000","-10,785",-15.01%,-34.34%,-3.44%,"-1,078,500,000","-650,594,340",,16.00%,14.20%,11.50%,11.30%,7.50%,6.70%,-3.30%,
CHF,"125,000","95,799","15,434,895,383","15,596","2,512,788,530","7,398","924,750,000","8,198","1,024,750,000",-800,-0.84%,-5.13%,-7.55%,"-100,000,000","-128,894,000",,GBPAUD,EURGBP,EURAUD,NZDCHF,CADJPY,NZDUSD,CADCHF,
JPY,"12,500,000","334,948","26,628,366,000","193,633","15,393,823,500","69,883","873,537,500,000","123,750","1,546,875,000,000","-53,867",-16.08%,-27.82%,3.98%,"-673,337,500,000","-4,282,426,500",,-4.00%,-9.30%,-13.30%,-14.60%,-14.80%,-22.10%,-26.10%,
SP500 (E-MINI),"265,000","1,934,958","512,763,870,000","670,906","177,790,090,000","123,601","32,754,265,000","547,305","145,035,825,000",-423704,-21.90%,-63.15%,-0.32%,"-112,281,560,000","-112,281,560,000",,,,,,,,,
NAS100 (NQ MINI),"370,000","263,282","97,414,340,000","121,139","44,821,430,000","56,269","20,819,530,000","64,870","24,001,900,000",-8601,-3.27%,-7.10%,1.81%,"-3,182,370,000","-3,182,370,000",,,,,,,,,
US30 (YM),"200,000","72,216","14,443,200,000","43,548","8,709,600,000","16,224","3,244,800,000","27,324","5,464,800,000",-11100,-15.37%,-25.49%,1.25%,"-2,220,000,000","-2,220,000,000",,,,,,,,,
,,,,,,,,,,,,,,,,,,,,,,,,
"Week of February 3, 2026 - COT Leveraged Funds >>> valid for trades from February 9, 2026",,,,,,,,,,,,,,,,,,,,,,,,
Currency,Contract Value,Open Interest TOTAL,Open Interest TOTAL USD,Open Interest LF,Open Interest LF USD,Long Positions,Long Value,Short Positions,Short Value,Net Positions,Net Percent,Net Percent LF,Net % LF Δ,Net Value (Base Currency),Net Value USD,,Currency Pairs - LF Strength Index,,,,,,,
USD,"97,610","28,190","2,751,625,900","27,581","2,692,181,410","14,169","1,383,036,090","13,412","1,309,145,320",757,2.69%,2.74%,1.56%,"73,890,770","73,890,770",,AUDCAD,GBPCAD,EURCAD,AUDJPY,AUDNZD,GBPJPY,GBPNZD,
EUR,"125,000","910,464","134,853,375,360","205,479","30,434,522,085","123,767","15,470,875,000","81,712","10,214,000,000","42,055",4.62%,20.47%,7.58%,"5,256,875,000","6,228,976,325",,51.10%,45.30%,39.70%,37.50%,37.10%,31.80%,31.30%,
GBP,"62,500","227,888","19,483,142,130","111,481","9,530,998,419","73,446","4,590,375,000","38,035","2,377,187,500","35,411",15.54%,31.76%,-2.74%,"2,213,187,500","3,027,441,313",,USDCAD,EURJPY,EURNZD,AUDCHF,AUDUSD,USDJPY,CHFJPY,CHFJPY
CAD,"100,000","216,252","15,859,056,672","89,717","6,579,485,912","18,431","1,843,100,000","71,286","7,128,600,000","-52,855",-24.44%,-58.91%,-8.74%,"-5,285,500,000","-3,876,174,280",,30.80%,26.10%,25.70%,20.40%,20.20%,17.30%,17.10%,
AUD,"100,000","254,240","17,660,273,120","137,487","9,550,259,481","98,448","9,844,800,000","39,039","3,903,900,000","59,409",23.37%,43.21%,11.54%,"5,940,900,000","4,126,727,367",,GBPCHF,GBPUSD,NZDCAD,EURCHF,EURUSD,NZDJPY,USDCHF,
NZD,"100,000","71,304","4,288,579,080","34,293","2,062,552,485","11,848","1,184,800,000","22,445","2,244,500,000","-10,597",-14.86%,-30.90%,-3.90%,"-1,059,700,000","-637,356,565",,14.70%,14.50%,14.00%,9.00%,8.90%,0.50%,0.20%,
CHF,"125,000","93,555","15,117,552,450","14,905","2,408,498,950","7,633","954,125,000","7,272","909,000,000",361,0.39%,2.42%,6.37%,"45,125,000","58,333,990",,EURGBP,GBPAUD,EURAUD,CADJPY,NZDCHF,NZDUSD,CADCHF,
JPY,"12,500,000","303,673","24,445,676,500","171,250","13,785,625,000","58,399","729,987,500,000","112,851","1,410,637,500,000","-54,452",-17.93%,-31.80%,8.99%,"-680,650,000,000","-4,383,386,000",,-5.60%,-5.70%,-11.40%,-13.60%,-16.70%,-16.80%,-30.70%,
SP500 (E-MINI),"265,000","1,928,476","511,046,140,000","713,217","189,002,505,000","132,546","35,124,690,000","580,671","153,877,815,000",-448125,-23.24%,-62.83%,2.85%,"-118,753,125,000","-118,753,125,000",,,,,,,,,
NAS100 (NQ MINI),"370,000","268,823","99,464,510,000","127,774","47,276,380,000","58,197","21,532,890,000","69,577","25,743,490,000",-11380,-4.23%,-8.91%,4.43%,"-4,210,600,000","-4,210,600,000",,,,,,,,,
US30 (YM),"200,000","70,011","14,002,200,000","44,503","8,900,600,000","16,302","3,260,400,000","28,201","5,640,200,000",-11899,-17%,-26.74%,5.08%,"-2,379,800,000","-2,379,800,000",,,,,,,,,
,,,,,,,,,,,,,,,,,,,,,,,,
"Week of January 27, 2026 - COT Leveraged Funds >>> valid for trades from February 2, 2026",,,,,,,,,,,,,,,,,,,,,,,,
Currency,Contract Value,Open Interest TOTAL,Open Interest TOTAL USD,Open Interest LF,Open Interest LF USD,Long Positions,Long Value,Short Positions,Short Value,Net Positions,Net Percent,Net Percent LF,Net % LF Δ,Net Value (Base Currency),Net Value USD,,Currency Pairs - LF Strength Index,,,,,,,
USD,"97,040","31,746","3,080,631,840","31,747","3,080,728,880","16,061","1,558,559,440","15,686","1,522,169,440",375,1.18%,1.18%,16.98%,"36,390,000","36,390,000",,GBPCAD,AUDCAD,GBPJPY,AUDJPY,EURCAD,GBPNZD,AUDNZD,
EUR,"125,000","919,284","136,266,616,425","204,485","30,311,067,156","115,423","14,427,875,000","89,062","11,132,750,000","26,361",2.87%,12.89%,7.50%,"3,295,125,000","3,907,523,981",,42.30%,40.90%,37.60%,36.20%,31.50%,30.80%,29.30%,
GBP,"62,500","224,459","19,166,694,297","107,673","9,194,264,766","72,408","4,525,500,000","35,265","2,204,062,500","37,143",16.55%,34.50%,-9.78%,"2,321,437,500","3,171,663,984",,EURJPY,USDCAD,USDJPY,EURNZD,GBPCHF,CHFJPY,AUDCHF,
CAD,"100,000","227,204","16,582,029,532","104,076","7,595,778,708","25,930","2,593,000,000","78,146","7,814,600,000","-52,216",-22.98%,-50.17%,14.62%,"-5,221,600,000","-3,810,880,328",,26.80%,25.70%,21.00%,19.90%,19.20%,18.40%,17.80%,
AUD,"100,000","252,055","17,427,082,700","141,232","9,764,780,480","92,979","9,297,900,000","48,253","4,825,300,000","44,726",17.74%,31.67%,8.43%,"4,472,600,000","3,092,355,640",,GBPUSD,AUDUSD,NZDCAD,EURCHF,NZDJPY,EURUSD,USDCHF,
NZD,"100,000","85,552","5,099,241,408","43,172","2,573,223,888","15,757","1,575,700,000","27,415","2,741,500,000","-11,658",-13.63%,-27%,-15.45%,"-1,165,800,000","-694,863,432",,16.70%,15.20%,11.60%,8.40%,6.90%,5.90%,2.60%,
CHF,"125,000","96,111","15,444,557,145","18,363","2,950,842,285","8,819","1,102,375,000","9,544","1,193,000,000",-725,-0.75%,-3.95%,-3.76%,"-90,625,000","-116,503,875",,GBPAUD,CADJPY,EURAUD,EURGBP,NZDCHF,NZDUSD,CADCHF,
JPY,"12,500,000","300,726","24,208,443,000","175,934","14,162,687,000","52,084","651,050,000,000","123,850","1,548,125,000,000","-71,766",-23.86%,-40.79%,3.66%,"-897,075,000,000","-5,777,163,000",,1.40%,-4.70%,-9.40%,-10.80%,-11.50%,-14.10%,-23.10%,
SP500 (E-MINI),"265,000","1,897,461","502,827,165,000","650,094","172,274,910,000","111,546","29,559,690,000","538,548","142,715,220,000",-427002,-22.50%,-65.68%,-1.69%,"-113,155,530,000","-113,155,530,000",,,,,,,,,
NAS100 (NQ MINI),"370,000","260,759","96,480,830,000","126,216","46,699,920,000","54,689","20,234,930,000","71,527","26,464,990,000",-16838,-6.46%,-13.34%,6.66%,"-6,230,060,000","-6,230,060,000",,,,,,,,,
US30 (YM),"200,000","70,906","14,181,200,000","44,903","8,980,600,000","15,307","3,061,400,000","29,596","5,919,200,000",-14289,-20.15%,-31.82%,-10.71%,"-2,857,800,000","-2,857,800,000",,,,,,,,,
,,,,,,,,,,,,,,,,,,,,,,,,
"Week of January 20, 2026 - COT Leveraged Funds >>> valid for trades from January 26, 2026",,,,,,,,,,,,,,,,,,,,,,,,
Currency,Contract Value,Open Interest TOTAL,Open Interest TOTAL USD,Open Interest LF,Open Interest LF USD,Long Positions,Long Value,Short Positions,Short Value,Net Positions,Net Percent,Net Percent LF,Net % LF Δ,Net Value (Base Currency),Net Value USD,,Currency Pairs - LF Strength Index,,,,,,,
USD,"98,640","29,579","2,917,672,560","26,090","2,573,517,600","10,984","1,083,461,760","15,106","1,490,055,840","-4,122",-13.94%,-15.80%,-3.37%,"-406,594,080","-406,594,080",,GBPCAD,GBPJPY,AUDCAD,EURCAD,AUDJPY,GBPUSD,GBPNZD,
EUR,"125,000","880,948","128,011,655,065","189,910","27,596,059,488","100,073","12,509,125,000","89,837","11,229,625,000","10,236",1.16%,5.39%,-8.57%,"1,279,500,000","1,487,405,955",,54.50%,44.40%,44.00%,35.10%,33.80%,30.00%,27.90%,
GBP,"62,500","207,612","17,393,084,573","92,092","7,715,179,973","66,435","4,152,187,500","25,657","1,603,562,500","40,778",19.64%,44.28%,4.18%,"2,548,625,000","3,416,253,409",,NZDCAD,EURJPY,USDCAD,GBPCHF,CHFJPY,AUDUSD,AUDNZD,
CAD,"100,000","213,597","15,367,449,762","88,533","6,369,595,218","15,588","1,558,800,000","72,945","7,294,500,000","-57,357",-26.85%,-64.79%,-9.37%,"-5,735,700,000","-4,126,606,722",,26.60%,24.90%,24.50%,22.20%,22.10%,19.50%,17.40%,
AUD,"100,000","230,657","15,425,417,532","118,570","7,929,487,320","73,064","7,306,400,000","45,506","4,550,600,000","27,558",11.95%,23.24%,-4.96%,"2,755,800,000","1,842,968,808",,NZDJPY,USDJPY,AUDCHF,EURUSD,GBPAUD,EURNZD,EURCHF,
NZD,"100,000","92,661","5,340,424,074","44,307","2,553,589,638","19,594","1,959,400,000","24,713","2,471,300,000","-5,119",-5.52%,-11.55%,17.73%,"-511,900,000","-295,028,446",,16.50%,14.30%,11.70%,10.60%,10.50%,8.50%,2.80%,
CHF,"125,000","98,085","15,350,302,500","18,275","2,860,037,500","9,120","1,140,000,000","9,155","1,144,375,000",-35,-0.04%,-0.19%,2.57%,"-4,375,000","-5,477,500",,NZDUSD,NZDCHF,USDCHF,EURAUD,CADJPY,EURGBP,CADCHF,
JPY,"12,500,000","292,607","23,225,680,625","190,655","15,133,240,625","52,959","661,987,500,000","137,696","1,721,200,000,000","-84,737",-28.96%,-44.45%,8.48%,"-1,059,212,500,000","-6,725,999,375",,2.10%,-5.70%,-7.80%,-8.90%,-10.20%,-19.40%,-32.30%,
SP500 (E-MINI),"265,000","1,926,910","510,631,150,000","647,137","171,491,305,000","116,526","30,879,390,000","530,611","140,611,915,000",-414085,-21.49%,-63.99%,3.15%,"-109,732,525,000","-109,732,525,000",,,,,,,,,
NAS100 (NQ MINI),"370,000","267,118","98,833,660,000","135,056","49,970,720,000","54,022","19,988,140,000","81,034","29,982,580,000",-27012,-10.11%,-20%,-3.76%,"-9,994,440,000","-9,994,440,000",,,,,,,,,
US30 (YM),"200,000","70,237","14,047,400,000","43,501","8,700,200,000","17,159","3,431,800,000","26,342","5,268,400,000",-9183,-13.07%,-21.11%,-1.59%,"-1,836,600,000","-1,836,600,000",,,,,,,,,
,,,,,,,,,,,,,,,,,,,,,,,,
"Week of January 13, 2026 - COT Leveraged Funds >>> valid for trades from January 19, 2026",,,,,,,,,,,,,,,,,,,,,,,,
Currency,Contract Value,Open Interest TOTAL,Open Interest TOTAL USD,Open Interest LF,Open Interest LF USD,Long Positions,Long Value,Short Positions,Short Value,Net Positions,Net Percent,Net Percent LF,Net % LF Δ,Net Value (Base Currency),Net Value USD,,Currency Pairs - LF Strength Index,,,,,,,
USD,"98,860","29,868","2,952,750,480","26,627","2,632,345,220","11,659","1,152,608,740","14,968","1,479,736,480","-3,309",-11.08%,-12.43%,-14.98%,"-327,127,740","-327,127,740",,GBPCAD,GBPJPY,AUDCAD,AUDJPY,EURCAD,GBPNZD,EURJPY,
EUR,"125,000","883,672","128,394,227,830","181,850","26,422,123,062","103,621","12,952,625,000","78,229","9,778,625,000","25,392",2.87%,13.96%,-12.88%,"3,174,000,000","3,689,362,380",,47.80%,46.50%,41.80%,40.60%,34.70%,34.70%,33.40%,
GBP,"62,500","207,867","17,401,326,071","94,990","7,951,969,113","66,540","4,158,750,000","28,450","1,778,125,000","38,090",18.32%,40.10%,8.40%,"2,380,625,000","3,188,656,738",,AUDNZD,GBPUSD,CHFJPY,EURNZD,USDCAD,GBPCHF,AUDUSD,
CAD,"100,000","219,263","15,758,651,073","100,499","7,222,963,629","22,400","2,240,000,000","78,099","7,809,900,000","-55,699",-25.40%,-55.42%,8.62%,"-5,569,900,000","-4,003,142,829",,28.70%,26.30%,25.10%,21.60%,21.50%,21.40%,20.30%,
AUD,"100,000","229,456","15,340,969,248","107,139","7,163,099,262","68,678","6,867,800,000","38,461","3,846,100,000","30,217",13.17%,28.20%,-6.31%,"3,021,700,000","2,020,248,186",,USDJPY,AUDCHF,EURUSD,NZDCAD,NZDJPY,EURCHF,GBPAUD,
NZD,"100,000","85,211","4,882,419,878","34,611","1,983,141,078","12,239","1,223,900,000","22,372","2,237,200,000","-10,133",-11.89%,-29.28%,-1.52%,"-1,013,300,000","-580,600,634",,20.30%,15.50%,13.20%,13.10%,11.80%,8.40%,6.00%,
CHF,"125,000","96,220","15,005,749,550","20,699","3,228,060,798","10,064","1,258,000,000","10,635","1,329,375,000",-571,-0.59%,-2.76%,4%,"-71,375,000","-89,048,877",,CADJPY,USDCHF,EURAUD,NZDUSD,EURGBP,NZDCHF,CADCHF,
JPY,"12,500,000","294,242","23,245,118,000","186,388","14,724,652,000","43,869","548,362,500,000","142,519","1,781,487,500,000","-98,650",-33.53%,-52.93%,-13.17%,"-1,233,125,000,000","-7,793,350,000",,-1.20%,-4.80%,-7.10%,-8.40%,-13.10%,-13.30%,-26.30%,
SP500 (E-MINI),"265,000","1,909,351","505,978,015,000","664,298","176,038,970,000","109,159","28,927,135,000","555,139","147,111,835,000",-445980,-23.36%,-67.14%,-5.37%,"-118,184,700,000","-118,184,700,000",,,,,,,,,
NAS100 (NQ MINI),"370,000","278,878","103,184,860,000","140,060","51,822,200,000","58,656","21,702,720,000","81,404","30,119,480,000",-22748,-8.16%,-16.24%,-2.96%,"-8,416,760,000","-8,416,760,000",,,,,,,,,
US30 (YM),"200,000","68,752","13,750,400,000","40,431","8,086,200,000","16,270","3,254,000,000","24,161","4,832,200,000",-7891,-11.48%,-19.52%,11.28%,"-1,578,200,000","-1,578,200,000",,,,,,,,,
,,,,,,,,,,,,,,,,,,,,,,,,
"Week of January 6, 2026 - COT Leveraged Funds >>> valid for trades from January 12, 2026",,,,,,,,,,,,,,,,,,,,,,,,
Currency,Contract Value,Contract Value,Open Interest TOTAL USD,Open Interest LF,Open Interest LF USD,Long Positions,Long Value,Short Positions,Short Value,Net Positions,Net Percent,Net Percent LF,Net % LF Δ,Net Value (Base Currency),Net Value USD,,Currency Pairs - LF Strength Index,,,,,,,
USD,"98,270","30,078","2,955,765,060","30,030","2,951,048,100","15,398","1,513,161,460","14,632","1,437,886,640",766,2.55%,2.55%,2.56%,"75,274,820","75,274,820",,AUDCAD,GBPCAD,EURCAD,AUDJPY,GBPJPY,USDCAD,EURJPY,
EUR,"125,000","881,815","129,017,250,381","188,540","27,585,051,725","119,570","14,946,250,000","68,970","8,621,250,000","50,600",5.74%,26.84%,-0.84%,"6,325,000,000","7,403,222,750",,49.30%,47.90%,45.40%,37.10%,35.70%,33.30%,33.30%,
GBP,"62,500","206,314","17,327,797,075","91,321","7,669,822,488","60,134","3,758,375,000","31,187","1,949,187,500","28,947",14.03%,31.70%,2.17%,"1,809,187,500","2,431,186,163",,AUDNZD,GBPNZD,EURNZD,USDJPY,AUDCHF,GBPCHF,NZDCAD,
CAD,"100,000","218,740","15,912,241,300","89,156","6,485,653,220","16,030","1,603,000,000","73,126","7,312,600,000","-57,096",-26.10%,-64.04%,3.17%,"-5,709,600,000","-4,153,448,520",,31.10%,29.70%,27.30%,21.20%,20.60%,19.20%,18.10%,
AUD,"100,000","230,926","15,434,862,914","101,763","6,801,737,157","68,439","6,843,900,000","33,324","3,332,400,000","35,115",15.21%,34.51%,0.88%,"3,511,500,000","2,347,051,485",,EURCHF,CHFJPY,AUDUSD,GBPUSD,EURUSD,NZDJPY,USDCHF,
NZD,"100,000","84,556","4,866,705,136","38,209","2,199,157,204","13,802","1,380,200,000","24,407","2,440,700,000","-10,605",-12.54%,-27.76%,15.99%,"-1,060,500,000","-610,381,380",,16.80%,16.50%,16.00%,14.60%,12.10%,6.00%,4.70%,
CHF,"125,000","90,378","14,239,053,900","18,338","2,889,151,900","8,549","1,068,625,000","9,789","1,223,625,000","-1,240",-1.37%,-6.76%,18.42%,"-155,000,000","-195,362,000",,GBPAUD,EURGBP,EURAUD,NZDCHF,CADJPY,NZDUSD,CADCHF,
JPY,"12,500,000","287,715","22,909,306,875","159,026","12,662,445,250","47,898","598,725,000,000","111,128","1,389,100,000,000","-63,230",-21.98%,-39.76%,13.08%,"-790,375,000,000","-5,034,688,750",,-1.40%,-2.40%,-3.80%,-10.50%,-12.10%,-15.20%,-28.60%,
SP500 (E-MINI),"265,000","1,945,513","515,560,945,000","673,354","178,438,810,000","128,725","34,112,125,000","544,629","144,326,685,000",-415904,-21.38%,-61.77%,-5.65%,"-110,214,560,000","-110,214,560,000",,,,,,,,,
NAS100 (NQ MINI),"370,000","274,253","101,473,610,000","138,923","51,401,510,000","60,236","22,287,320,000","78,687","29,114,190,000",-18451,-6.73%,-13.28%,4.58%,"-6,826,870,000","-6,826,870,000",,,,,,,,,
US30 (YM),"200,000","66,021","13,204,200,000","30,172","6,034,400,000","10,439","2,087,800,000","19,733","3,946,600,000",-9294,-14.08%,-30.80%,6.82%,"-1,858,800,000","-1,858,800,000",,,,,,,,,
,,,,,,,,,,,,,,,,,,,,,,,,
"Week of December 30, 2025 - COT Leveraged Funds >>> valid for trades from January 5, 2026",,,,,,,,,,,,,,,,,,,,,,,,
Currency,Contract Value,Open Interest TOTAL,Open Interest TOTAL USD,Open Interest LF,Open Interest LF USD,Long Positions,Long Value,Short Positions,Short Value,Net Positions,Net Percent,Net Percent LF,Net % LF Δ,Net Value (Base Currency),Net Value USD,,Currency Pairs - LF Strength Index,,,,,,,
USD,"98,040","28,984","2,841,591,360","29,344","2,876,885,760","14,671","1,438,344,840","14,673","1,438,540,920",-2,-0.01%,-0.01%,8.54%,"-196,080","-196,080",,AUDCAD,GBPCAD,EURCAD,AUDJPY,GBPJPY,EURJPY,AUDNZD,
EUR,"125,000","869,169","127,905,823,579","190,256","27,997,835,140","121,459","15,182,375,000","68,797","8,599,625,000","52,662",6.06%,27.68%,-0.42%,"6,582,750,000","7,749,674,093",,50.40%,48.40%,47.40%,43.20%,41.20%,40.30%,38.70%,
GBP,"62,500","196,003","16,534,445,574","86,993","7,338,566,368","56,342","3,521,375,000","30,651","1,915,687,500","25,691",13.11%,29.53%,12.90%,"1,605,687,500","2,167,244,589",,GBPNZD,EURNZD,USDCAD,AUDCHF,GBPCHF,USDJPY,EURCHF,
CAD,"100,000","211,171","15,449,692,702","87,306","6,387,481,572","14,314","1,431,400,000","72,992","7,299,200,000","-58,678",-27.79%,-67.21%,10.46%,"-5,867,800,000","-4,292,999,836",,36.60%,35.70%,33.60%,29.40%,27.40%,26.40%,26.40%,
AUD,"100,000","223,804","15,026,424,364","100,133","6,723,029,753","66,902","6,690,200,000","33,231","3,323,100,000","33,671",15.04%,33.63%,-10.06%,"3,367,100,000","2,260,704,611",,AUDUSD,GBPUSD,EURUSD,CHFJPY,USDCHF,NZDCAD,NZDJPY,
NZD,"100,000","79,352","4,623,126,872","33,098","1,928,322,578","9,309","930,900,000","23,789","2,378,900,000","-14,480",-18.25%,-43.75%,-7.61%,"-1,448,000,000","-843,619,280",,16.80%,14.80%,13.80%,13.80%,12.60%,11.70%,4.50%,
CHF,"125,000","89,124","14,115,459,120","19,191","3,039,470,580","7,179","897,375,000","12,012","1,501,500,000","-4,833",-5.42%,-25.18%,-1.44%,"-604,125,000","-765,450,540",,EURGBP,GBPAUD,EURAUD,CADJPY,NZDCHF,CADCHF,NZDUSD,
JPY,"12,500,000","286,132","22,854,793,500","140,321","11,208,139,875","33,087","413,587,500,000","107,234","1,340,425,000,000","-74,147",-25.91%,-52.84%,-2.09%,"-926,837,500,000","-5,922,491,625",,-0.90%,-2.10%,-3.00%,-7.20%,-9.30%,-21.00%,-21.90%,
SP500 (E-MINI),"265,000","1,936,495","513,171,175,000","653,713","173,233,945,000","143,436","38,010,540,000","510,277","135,223,405,000",-366841,-18.94%,-56.12%,-9.06%,"-97,212,865,000","-97,212,865,000",,,,,,,,,
NAS100 (NQ MINI),"370,000","276,539","102,319,430,000","143,752","53,188,240,000","59,039","21,844,430,000","84,713","31,343,810,000",-25674,-9.28%,-17.86%,-13.87%,"-9,499,380,000","-9,499,380,000",,,,,,,,,
US30 (YM),"200,000","61,375","12,275,000,000","27,787","5,557,400,000","8,667","1,733,400,000","19,120","3,824,000,000",-10453,-17.03%,-37.62%,10.37%,"-2,090,600,000","-2,090,600,000",,,,,,,,,
,,,,,,,,,,,,,,,,,,,,,,,,
,,,,,,,,,,,,,,,,,,,,,,,,
"Week of December 16, 2025 - COT Leveraged Funds >>> valid for trades from December 22, 2025",,,,,,,,,,,,,,,,,,,,,,,,
Currency,Contract Value,Open Interest TOTAL,Open Interest TOTAL USD,Open Interest LF,Open Interest LF USD,Long Positions,Long Value,Short Positions,Short Value,Net Positions,Net Percent,Net Percent LF,Net % LF Δ,Net Value (Base Currency),Net Value USD,,Currency Pairs - LF Strength Index,,,,,,,
USD,"98,150","26,994","2,649,461,100","25,813","2,533,545,950","11,803","1,158,464,450","14,010","1,375,081,500","-2,207",-8.18%,-8.55%,52.56%,"-216,617,050","-216,617,050",,AUDCAD,EURCAD,GBPCAD,AUDJPY,AUDNZD,EURJPY,USDCAD,
EUR,"125,000","986,986","144,810,585,920","182,573","26,787,110,560","116,937","14,617,125,000","65,636","8,204,500,000","51,301",5.20%,28.10%,20.47%,"6,412,625,000","7,526,882,720",,60.70%,52.90%,47.20%,47.20%,39.90%,39.40%,34.60%,
GBP,"62,500","282,031","23,563,161,242","87,470","7,307,954,494","51,009","3,188,062,500","36,461","2,278,812,500","14,548",5.16%,16.63%,8.44%,"909,250,000","1,215,458,123",,GBPJPY,AUDCHF,EURNZD,GBPNZD,AUDUSD,EURCHF,USDJPY,
CAD,"100,000","244,427","17,753,466,291","99,164","7,202,578,812","11,073","1,107,300,000","88,091","8,809,100,000","-77,018",-31.51%,-77.67%,-14.79%,"-7,701,800,000","-5,594,048,394",,33.70%,33.70%,32.10%,26.40%,26.10%,25.90%,21.10%,
AUD,"100,000","293,796","19,529,501,508","90,351","6,005,902,023","64,914","6,491,400,000","25,437","2,543,700,000","39,477",13.44%,43.69%,59.43%,"3,947,700,000","2,624,154,621",,NZDCAD,GBPCHF,EURUSD,CHFJPY,GBPUSD,USDCHF,NZDJPY,
NZD,"100,000","103,974","6,032,883,402","33,222","1,927,640,106","10,608","1,060,800,000","22,614","2,261,400,000","-12,006",-11.55%,-36.14%,-40.32%,"-1,200,600,000","-696,624,138",,20.80%,20.20%,18.30%,13.50%,12.60%,7.60%,7.30%,
CHF,"125,000","103,436","16,240,227,770","18,319","2,876,220,393","6,985","873,125,000","11,334","1,416,750,000","-4,349",-4.20%,-23.74%,-12.59%,"-543,625,000","-682,825,617",,EURGBP,NZDCHF,EURAUD,GBPAUD,CADJPY,NZDUSD,CADCHF,
JPY,"12,500,000","379,679","30,421,779,875","162,846","13,048,035,750","40,103","501,287,500,000","122,743","1,534,287,500,000","-82,640",-21.77%,-50.75%,-9.18%,"-1,033,000,000,000","-6,621,530,000",,5.70%,-6.20%,-7.80%,-13.50%,-13.50%,-13.80%,-27.00%,
SP500 (E-MINI),"265,000","2,466,313","653,572,945,000","827,013","219,158,445,000","218,923","58,014,595,000","608,090","161,143,850,000",-389167,-15.78%,-47.06%,0.19%,"-103,129,255,000","-103,129,255,000",,,,,,,,,
NAS100 (NQ MINI),"370,000","378,693","140,116,410,000","174,726","64,648,620,000","83,876","31,034,120,000","90,850","33,614,500,000",-6974,-1.84%,-3.99%,-11.57%,"-2,580,380,000","-2,580,380,000",,,,,,,,,
US30 (YM),"200,000","90,249","18,049,800,000","38,509","7,701,800,000","10,014","2,002,800,000","28,495","5,699,000,000",-18481,-20.48%,-47.99%,5%,"-3,696,200,000","-3,696,200,000",,,,,,,,,
,,,,,,,,,,,,,,,,,,,,,,,,
"Week of November 18, 2025 - COT Leveraged Funds >>> valid for trades from November 24, 2025",,,,,,,,,,,,,,,,,,,,,,,,
Currency,Contract Value,Open Interest TOTAL,Open Interest TOTAL USD,Open Interest LF,Open Interest LF USD,Long Positions,Long Value,Short Positions,Short Value,Net Positions,Net Percent,Net Percent LF,Net % LF Δ,Net Value (Base Currency),Net Value USD,,Currency Pairs - LF Strength Index,,,,,,,
USD,"99,590","44,403","4,422,094,770","38,190","3,803,342,100","7,427","739,654,930","30,763","3,063,687,170","-23,336",-52.56%,-61.11%,-4.61%,"-2,324,032,240","-2,324,032,240",,GBPCAD,EURCAD,GBPUSD,EURUSD,NZDCAD,NZDUSD,GBPJPY,
EUR,"125,000","827,015","120,075,341,619","162,701","23,622,761,566","87,561","10,945,125,000","75,140","9,392,500,000","12,421",1.50%,7.63%,-1.08%,"1,552,625,000","1,803,420,516",,35.50%,35.30%,34.70%,34.40%,33.50%,32.60%,24.90%,
GBP,"62,500","279,341","22,975,971,838","106,533","8,762,405,833","57,629","3,601,812,500","48,904","3,056,500,000","8,725",3.12%,8.19%,-25.08%,"545,312,500","717,636,703",,EURJPY,AUDCAD,NZDJPY,AUDUSD,CHFJPY,AUDJPY,GBPAUD,
CAD,"100,000","278,400","19,859,942,400","115,084","8,209,632,224","21,358","2,135,800,000","93,726","9,372,600,000","-72,368",-25.99%,-62.88%,-9.58%,"-7,236,800,000","-5,162,443,648",,24.60%,23.60%,22.90%,22.70%,15.20%,12.90%,12.00%,
AUD,"100,000","179,341","11,716,347,530","78,941","5,157,215,530","33,257","3,325,700,000","45,684","4,568,400,000","-12,427",-6.93%,-15.74%,1.40%,"-1,242,700,000","-811,855,910",,EURAUD,GBPCHF,EURCHF,NZDCHF,GBPNZD,EURNZD,USDCAD,
NZD,"100,000","103,502","5,875,084,026","50,595","2,871,923,985","26,356","2,635,600,000","24,239","2,423,900,000","2,117",2.05%,4.18%,-6.16%,"211,700,000","120,167,271",,11.70%,9.70%,9.40%,7.70%,2.00%,1.70%,0.90%,
CHF,"125,000","76,329","12,012,276,375","15,349","2,415,548,875","6,819","852,375,000","8,530","1,066,250,000","-1,711",-2.24%,-11.15%,-1.64%,"-213,875,000","-269,268,625",,EURGBP,AUDCHF,USDJPY,AUDNZD,CADJPY,USDCHF,CADCHF,
JPY,"12,500,000","329,456","26,644,754,000","151,896","12,284,589,000","44,380","554,750,000,000","107,516","1,343,950,000,000","-63,136",-19.16%,-41.57%,-4.45%,"-789,200,000,000","-5,106,124,000",,-0.30%,-2.30%,-9.80%,-10.00%,-10.70%,-25.00%,-25.90%,
SP500 (E-MINI),"265,000","2,037,320","539,889,800,000","759,665","201,311,225,000","200,379","53,100,435,000","559,286","148,210,790,000",-358907,-17.62%,-47.25%,13.48%,"-95,110,355,000","-95,110,355,000",,,,,,,,,
NAS100 (NQ MINI),"370,000","299,587","110,847,190,000","137,045","50,706,650,000","73,714","27,274,180,000","63,331","23,432,470,000",10383,3.47%,7.58%,-1.35%,"3,841,710,000","3,841,710,000",,,,,,,,,
US30 (YM),"200,000","82,876","16,575,200,000","40,728","8,145,600,000","9,574","1,914,800,000","31,154","6,230,800,000",-21580,-26.04%,-52.99%,-1.63%,"-4,316,000,000","-4,316,000,000",,,,,,,,,
,,,,,,,,,,,,,,,,,,,,,,,,
"Week of October 28, 2025 - COT Leveraged Funds >>> valid for trades from November 3, 2025",,,,,,,,,,,,,,,,,,,,,,,,
Currency,Contract Value,Open Interest TOTAL,Open Interest TOTAL USD,Open Interest LF,Open Interest LF USD,Long Positions,Long Value,Short Positions,Short Value,Net Positions,Net Percent,Net Percent LF,Net % LF Δ,Net Value (Base Currency),Net Value USD,,Currency Pairs - LF Strength Index,,,,,,,
USD,"98,780","34,998","3,457,102,440","27,050","2,671,999,000","5,884","581,221,520","21,166","2,090,777,480","-15,282",-43.67%,-56.50%,-6.83%,"-1,509,555,960","-1,509,555,960",,GBPUSD,GBPCAD,GBPJPY,NZDUSD,EURUSD,NZDCAD,EURCAD,
EUR,"125,000","843,717","122,673,287,861","199,189","28,961,333,641","108,266","13,533,250,000","90,923","11,365,375,000","17,343",2.06%,8.71%,-2.34%,"2,167,875,000","2,521,607,164",,44.90%,43.30%,35.20%,33.40%,32.60%,31.80%,31.00%,
GBP,"62,500","248,118","20,659,545,270","121,411","10,109,286,915","80,902","5,056,375,000","40,509","2,531,812,500","40,393",16.28%,33.27%,2.45%,"2,524,562,500","3,363,323,145",,GBPAUD,NZDJPY,EURJPY,GBPCHF,AUDUSD,AUDCAD,CHFJPY,
CAD,"100,000","278,750","19,920,032,500","110,708","7,911,415,096","25,850","2,585,000,000","84,858","8,485,800,000","-59,008",-21.17%,-53.30%,-10.89%,"-5,900,800,000","-4,216,829,696",,25.20%,23.70%,22.90%,21.40%,19.70%,18.10%,13.80%,
AUD,"100,000","173,436","11,332,308,240","72,528","4,738,979,520","30,047","3,004,700,000","42,481","4,248,100,000","-12,434",-7.17%,-17.14%,-13.01%,"-1,243,400,000","-812,437,560",,EURAUD,GBPNZD,AUDJPY,NZDCHF,EURCHF,EURNZD,USDCAD,
NZD,"100,000","88,049","5,071,798,498","48,778","2,809,710,356","26,912","2,691,200,000","21,866","2,186,600,000","5,046",5.73%,10.34%,-2.94%,"504,600,000","290,659,692",,12.90%,11.50%,10.00%,9.90%,9.10%,-0.80%,-1.60%,
CHF,"125,000","74,922","11,764,627,050","17,038","2,675,391,950","7,709","963,625,000","9,329","1,166,125,000","-1,620",-2.16%,-9.51%,-5.15%,"-202,500,000","-254,380,500",,AUDCHF,CADJPY,USDJPY,EURGBP,AUDNZD,CADCHF,USDCHF,
JPY,"12,500,000","321,889","26,274,189,625","135,035","11,022,231,875","42,455","530,687,500,000","92,580","1,157,250,000,000","-50,125",-15.57%,-37.12%,6.26%,"-626,562,500,000","-4,091,453,125",,-3.80%,-8.10%,-9.70%,-12.30%,-13.70%,-21.90%,-23.50%,
SP500 (E-MINI),"265,000","1,929,734","511,379,510,000","738,833","195,790,745,000","145,056","38,439,840,000","593,777","157,350,905,000",-448721,-23.25%,-60.73%,2.84%,"-118,911,065,000","-118,911,065,000",,,,,,,,,
NAS100 (NQ MINI),"370,000","299,186","110,698,820,000","125,190","46,320,300,000","68,182","25,227,340,000","57,008","21,092,960,000",11174,3.73%,8.93%,14.61%,"4,134,380,000","4,134,380,000",,,,,,,,,
US30 (YM),"200,000","90,629","18,125,800,000","44,264","8,852,800,000","10,765","2,153,000,000","33,499","6,699,800,000",-22734,-25.08%,-51.36%,4.55%,"-4,546,800,000","-4,546,800,000",,,,,,,,,
,,,,,,,,,,,,,,,,,,,,,,,,
"Week of October 7, 2025 - COT Leveraged Funds >>> valid for trades from October 13, 2025",,,,,,,,,,,,,,,,,,,,,,,,
Currency,Contract Value,Open Interest TOTAL,Open Interest TOTAL USD,Open Interest LF,Open Interest LF USD,Long Positions,Long Value,Short Positions,Short Value,Net Positions,Net Percent,Net Percent LF,Net % LF Δ,Net Value (Base Currency),Net Value USD,,Currency Pairs - LF Strength Index,,,,,,,
USD,"98,110","38,717","3,798,524,870","25,069","2,459,519,590","6,309","618,975,990","18,760","1,840,543,600","-12,451",-32.16%,-49.67%,-31.45%,"-1,221,567,610","-1,221,567,610",,GBPUSD,GBPJPY,GBPCAD,NZDUSD,EURUSD,NZDJPY,NZDCAD,
EUR,"125,000","855,286","125,219,215,937","193,461","28,323,899,531","107,423","13,427,875,000","86,038","10,754,750,000","21,385",2.50%,11.05%,0.82%,"2,673,125,000","3,130,897,656",,40.20%,37.10%,36.60%,31.50%,30.40%,28.30%,27.80%,
GBP,"62,500","247,550","20,784,607,438","113,112","9,497,024,910","73,987","4,624,187,500","39,125","2,445,312,500","34,862",14.08%,30.82%,1.73%,"2,178,875,000","2,927,057,098",,EURJPY,EURCAD,AUDUSD,AUDJPY,CHFJPY,AUDCAD,GBPCHF,
CAD,"100,000","261,636","18,735,230,688","112,568","8,060,769,344","32,413","3,241,300,000","80,155","8,015,500,000","-47,742",-18.25%,-42.41%,16.10%,"-4,774,200,000","-3,418,709,136",,27.20%,26.70%,22.80%,19.60%,19.50%,19.10%,17.60%,
AUD,"100,000","170,970","11,272,223,070","73,505","4,846,258,155","35,234","3,523,400,000","38,271","3,827,100,000","-3,037",-1.78%,-4.13%,3.14%,"-303,700,000","-200,232,447",,GBPAUD,GBPNZD,NZDCHF,EURCHF,EURAUD,CADJPY,AUDCHF,
NZD,"100,000","72,345","4,213,879,215","41,913","2,441,306,511","23,740","2,374,000,000","18,173","1,817,300,000","5,567",7.70%,13.28%,24.03%,"556,700,000","324,261,049",,17.50%,8.80%,8.80%,7.70%,7.60%,0.50%,0.10%,
CHF,"125,000","72,046","11,296,902,858","12,303","1,929,125,779","5,883","735,375,000","6,420","802,500,000",-537,-0.75%,-4.36%,0.18%,"-67,125,000","-84,202,271",,EURNZD,USDJPY,USDCAD,AUDNZD,EURGBP,CADCHF,USDCHF,
JPY,"12,500,000","305,134","25,478,689,000","128,254","10,709,209,000","36,311","453,887,500,000","91,943","1,149,287,500,000","-55,632",-18.23%,-43.38%,-4.79%,"-695,400,000,000","-4,645,272,000",,-1.10%,-3.10%,-3.60%,-8.70%,-9.90%,-19.00%,-22.70%,
SP500 (E-MINI),"265,000","1,951,558","517,162,870,000","723,899","191,833,235,000","131,863","34,943,695,000","592,036","156,889,540,000",-460173,-23.58%,-63.57%,2.95%,"-121,945,845,000","-121,945,845,000",,,,,,,,,
NAS100 (NQ MINI),"370,000","285,401","105,598,370,000","127,092","47,024,040,000","59,939","22,177,430,000","67,153","24,846,610,000",-7214,-2.53%,-5.68%,14.98%,"-2,669,180,000","-2,669,180,000",,,,,,,,,
US30 (YM),"200,000","82,515","16,503,000,000","41,129","8,225,800,000","9,067","1,813,400,000","32,062","6,412,400,000",-22995,-27.87%,-55.91%,-37.71%,"-4,599,000,000","-4,599,000,000",,,,,,,,,
,,,,,,,,,,,,,,,,,,,,,,,,
,,,,,,,,,,,,,,,,,,,,,,,,
IMPORTANT NOTE:,,,,,,,,,,,,,,,,,,,,,,,,
The CFTC has resumed releasing COT reports after the suspension from October 1 to November 12.,,,,,,,,,,,,,,,,,,,,,,,,
"They are currently publishing all missing reports in chronological order, which means new data will appear with a natural delay.",,,,,,,,,,,,,,,,,,,,,,,,
The COT Terminal will be updated in line with each official CFTC release.,,,,,,,,,,,,,,,,,,,,,,,,
"Normal publication scheduling is expected to resume on January 23rd, 2026.",,,,,,,,,,,,,,,,,,,,,,,,
,,,,,,,,,,,,,,,,,,,,,,,,
,,,,,,,,,,,,,,,,,,,,,,,,
"Week of September 23, 2025 - COT Leveraged Funds >>> valid for trades from September 29, 2025",,,,,,,,,,,,,,,,,,,,,,,,
Currency,Contract Value,Open Interest TOTAL,Open Interest TOTAL USD,Open Interest LF,Open Interest LF USD,Long Positions,Long Value,Short Positions,Short Value,Net Positions,Net Percent,Net Percent LF,Net % LF Δ,Net Value (Base Currency),Net Value USD,,Currency Pairs - LF Strength Index,,,,,,,
USD,"97,330","40,441","3,936,122,530","28,612","2,784,805,960","11,700","1,138,761,000","16,912","1,646,044,960","-5,212",-12.89%,-18.22%,3.94%,"-507,283,960","-507,283,960",,GBPCAD,EURCAD,GBPJPY,AUDCAD,EURJPY,NZDCAD,GBPUSD,
EUR,"125,000","859,215","126,057,580,688","193,513","28,390,776,013","106,658","13,332,250,000","86,855","10,856,875,000","19,803",2.30%,10.23%,-3.59%,"2,475,375,000","2,905,347,638",,43.80%,34.40%,33.80%,25.60%,24.40%,23.90%,23.70%,
GBP,"62,500","233,166","19,621,939,001","95,102","8,003,249,371","61,382","3,836,375,000","33,720","2,107,500,000","27,662",11.86%,29.09%,7.25%,"1,728,875,000","2,327,878,321",,USDCAD,GBPNZD,GBPAUD,CHFJPY,GBPCHF,AUDJPY,EURUSD,
CAD,"100,000","212,186","15,395,791,788","83,334","6,046,548,372","17,289","1,728,900,000","66,045","6,604,500,000","-48,756",-22.98%,-58.51%,0.47%,"-4,875,600,000","-3,537,637,848",,20.10%,19.90%,18.20%,17.00%,16.80%,15.70%,14.20%,
AUD,"100,000","160,854","10,599,152,622","76,298","5,027,504,114","35,376","3,537,600,000","40,922","4,092,200,000","-5,546",-3.45%,-7.27%,-3.04%,"-554,600,000","-365,442,578",,NZDJPY,EURNZD,USDJPY,EURAUD,EURCHF,AUDUSD,NZDUSD,
NZD,"100,000","56,346","3,296,973,498","26,500","1,550,594,500","11,825","1,182,500,000","14,675","1,467,500,000","-2,850",-5.06%,-10.75%,13.51%,"-285,000,000","-166,762,050",,13.90%,10.50%,10.20%,8.80%,7.40%,5.50%,3.70%,
CHF,"125,000","72,030","11,307,989,700","15,577","2,445,433,230","7,435","929,375,000","8,142","1,017,750,000",-707,-0.98%,-4.54%,11.55%,"-88,375,000","-110,991,930",,AUDNZD,AUDCHF,NZDCHF,USDCHF,EURGBP,CADJPY,CADCHF,
JPY,"12,500,000","309,893","26,147,221,875","137,246","11,580,131,250","42,138","526,725,000,000","95,108","1,188,850,000,000","-52,970",-17.09%,-38.59%,0.46%,"-662,125,000,000","-4,469,343,750",,1.70%,-1.40%,-3.10%,-6.80%,-9.40%,-10.00%,-27.00%,
SP500 (E-MINI),"265,000","1,950,977","517,008,905,000","678,025","179,676,625,000","113,510","30,080,150,000","564,515","149,596,475,000",-451005,-23.12%,-66.52%,-0.27%,"-119,516,325,000","-119,516,325,000",,,,,,,,,
NAS100 (NQ MINI),"370,000","274,695","101,637,150,000","126,260","46,716,200,000","50,088","18,532,560,000","76,172","28,183,640,000",-26084,-9.50%,-20.66%,-6.88%,"-9,651,080,000","-9,651,080,000",,,,,,,,,
US30 (YM),"200,000","78,112","15,622,400,000","34,800","6,960,000,000","14,233","2,846,600,000","20,567","4,113,400,000",-6334,-8.11%,-18.20%,35.31%,"-1,266,800,000","-1,266,800,000",,,,,,,,,
,,,,,,,,,,,,,,,,,,,,,,,,
"Week of September 16, 2025 - COT Leveraged Funds >>> valid for trades from September 22, 2025",,,,,,,,,,,,,,,,,,,,,,,,
Currency,Contract Value,Open Interest TOTAL,Open Interest TOTAL USD,Open Interest LF,Open Interest LF USD,Long Positions,Long Value,Short Positions,Short Value,Net Positions,Net Percent,Net Percent LF,Net % LF Δ,Net Value (Base Currency),Net Value USD,,Currency Pairs - LF Strength Index,,,,,,,
USD,"97,300","38,526","3,748,579,800","26,652","2,593,239,600","10,373","1,009,292,900","16,279","1,583,946,700","-5,906",-15.33%,-22.16%,-31.47%,"-574,653,800","-574,653,800",,GBPCAD,EURCAD,GBPJPY,AUDCAD,EURJPY,GBPNZD,GBPUSD,
EUR,"125,000","855,448","125,392,637,150","189,841","27,827,131,081","108,039","13,504,875,000","81,802","10,225,250,000","26,237",3.07%,13.82%,-4.78%,"3,279,625,000","3,845,852,256",,40.40%,36.40%,30.40%,27.40%,26.40%,23.10%,22.00%,
GBP,"62,500","234,531","19,866,827,846","98,947","8,381,676,686","60,280","3,767,500,000","38,667","2,416,687,500","21,613",9.22%,21.84%,4.61%,"1,350,812,500","1,830,810,214",,EURNZD,GBPCHF,USDCAD,EURUSD,AUDJPY,NZDCAD,EURCHF,
CAD,"100,000","266,847","19,282,364,220","81,800","5,910,868,000","16,778","1,677,800,000","65,022","6,502,200,000","-48,244",-18.08%,-58.98%,-0.47%,"-4,824,400,000","-3,486,111,440",,19.00%,19.00%,18.40%,18.00%,17.40%,17.40%,15.00%,
AUD,"100,000","154,790","10,291,987,100","72,777","4,838,942,730","34,848","3,484,800,000","37,929","3,792,900,000","-3,081",-1.99%,-4.23%,3.51%,"-308,100,000","-204,855,690",,GBPAUD,CHFJPY,AUDNZD,AUDUSD,EURAUD,USDJPY,NZDJPY,
NZD,"100,000","49,146","2,925,857,964","21,957","1,307,188,038","8,315","831,500,000","13,642","1,364,200,000","-5,327",-10.84%,-24.26%,-17.08%,"-532,700,000","-317,137,618",,13.00%,11.50%,10.00%,9.00%,9.00%,8.40%,7.40%,
CHF,"125,000","71,730","11,254,257,675","14,973","2,349,226,268","6,282","785,250,000","8,691","1,086,375,000","-2,409",-3.36%,-16.09%,-12.28%,"-301,125,000","-377,966,077",,AUDCHF,NZDUSD,USDCHF,EURGBP,NZDCHF,CADJPY,CADCHF,
JPY,"12,500,000","299,620","25,355,342,500","130,074","11,007,512,250","39,642","495,525,000,000","90,432","1,130,400,000,000","-50,790",-16.95%,-39.05%,-5.62%,"-634,875,000,000","-4,298,103,750",,5.90%,-1.10%,-3.00%,-4.00%,-4.10%,-10.00%,-21.40%,
SP500 (E-MINI),"265,000","2,435,899","645,513,235,000","716,946","189,990,690,000","120,980","32,059,700,000","595,966","157,930,990,000",-474986,-19.50%,-66.25%,-3.54%,"-125,871,290,000","-125,871,290,000",,,,,,,,,
NAS100 (NQ MINI),"370,000","351,421","130,025,770,000","174,184","64,448,080,000","75,090","27,783,300,000","99,094","36,664,780,000",-24004,-6.83%,-13.78%,1.23%,"-8,881,480,000","-8,881,480,000",,,,,,,,,
US30 (YM),"200,000","98,350","19,670,000,000","28,378","5,675,600,000","6,596","1,319,200,000","21,782","4,356,400,000",-15186,-15.44%,-53.51%,-3.30%,"-3,037,200,000","-3,037,200,000",,,,,,,,,
,,,,,,,,,,,,,,,,,,,,,,,,
"Week of September 9, 2025 - COT Leveraged Funds >>> valid for trades from September 15, 2025",,,,,,,,,,,,,,,,,,,,,,,,
Currency,Contract Value,Open Interest TOTAL,Open Interest TOTAL USD,Open Interest LF,Open Interest LF USD,Long Positions,Long Value,Short Positions,Short Value,Net Positions,Net Percent,Net Percent LF,Net % LF Δ,Net Value (Base Currency),Net Value USD,,Currency Pairs - LF Strength Index,,,,,,,
USD,"97,450","38,029","3,705,926,050","34,746","3,385,997,700","18,991","1,850,672,950","15,755","1,535,324,750","3,236",8.51%,9.31%,12.54%,"315,348,200","315,348,200",,EURCAD,GBPCAD,USDCAD,EURJPY,NZDCAD,AUDCAD,GBPJPY,
EUR,"125,000","878,104","128,567,597,160","175,312","25,668,306,480","103,962","12,995,250,000","71,350","8,918,750,000","32,612",3.71%,18.60%,2.50%,"4,076,500,000","4,774,885,980",,38.60%,37.90%,33.90%,26.00%,25.70%,25.40%,25.30%,
GBP,"62,500","322,879","27,228,587,869","98,383","8,296,699,879","57,669","3,604,312,500","40,714","2,544,625,000","16,955",5.25%,17.23%,-2.70%,"1,059,687,500","1,429,825,747",,USDJPY,CHFJPY,EURAUD,NZDJPY,EURNZD,AUDJPY,GBPAUD,
CAD,"100,000","249,304","18,021,188,944","80,917","5,849,166,262","16,785","1,678,500,000","64,132","6,413,200,000","-47,347",-18.99%,-58.51%,1.70%,"-4,734,700,000","-3,422,525,242",,21.40%,14.80%,13.20%,13.10%,12.90%,12.80%,12.50%,
AUD,"100,000","208,092","13,639,390,140","61,418","4,025,642,810","28,332","2,833,200,000","33,086","3,308,600,000","-4,754",-2.28%,-7.74%,10.35%,"-475,400,000","-311,600,930",,GBPNZD,EURCHF,GBPCHF,USDCHF,EURUSD,GBPUSD,EURGBP,
NZD,"100,000","71,602","4,216,426,974","26,106","1,537,304,022","12,116","1,211,600,000","13,990","1,399,000,000","-1,874",-2.62%,-7.18%,-8.22%,"-187,400,000","-110,354,238",,12.20%,11.20%,10.50%,6.60%,4.60%,4.00%,0.70%,
CHF,"125,000","105,100","16,438,691,000","13,322","2,083,694,020","6,407","800,875,000","6,915","864,375,000",-508,-0.48%,-3.81%,-14.86%,"-63,500,000","-79,456,280",,AUDNZD,NZDCHF,AUDCHF,NZDUSD,AUDUSD,CADJPY,CADCHF,
JPY,"12,500,000","410,799","34,609,815,750","124,608","10,498,224,000","41,473","518,412,500,000","83,135","1,039,187,500,000","-41,662",-10.14%,-33.43%,9.53%,"-520,775,000,000","-3,510,023,500",,-0.30%,-1.70%,-2.00%,-8.20%,-8.50%,-12.50%,-27.30%,
SP500 (E-MINI),"265,000","2,035,158","539,316,870,000","664,339","176,049,835,000","123,869","32,825,285,000","540,470","143,224,550,000",-416601,-20.47%,-62.71%,-3.90%,"-110,399,265,000","-110,399,265,000",,,,,,,,,
NAS100 (NQ MINI),"370,000","296,970","109,878,900,000","166,667","61,666,790,000","70,821","26,203,770,000","95,846","35,463,020,000",-25025,-8.43%,-15.01%,-2.34%,"-9,259,250,000","-9,259,250,000",,,,,,,,,
US30 (YM),"200,000","87,037","17,407,400,000","28,718","5,743,600,000","7,149","1,429,800,000","21,569","4,313,800,000",-14420,-16.57%,-50.21%,-7.67%,"-2,884,000,000","-2,884,000,000",,,,,,,,,
,,,,,,,,,,,,,,,,,,,,,,,,
"Week of September 2, 2025 - COT Leveraged Funds >>> valid for trades from September 8, 2025",,,,,,,,,,,,,,,,,,,,,,,,
Currency,Contract Value,Open Interest TOTAL,Open Interest TOTAL USD,Open Interest LF,Open Interest LF USD,Long Positions,Long Value,Short Positions,Short Value,Net Positions,Net Percent,Net Percent LF,Net % LF Δ,Net Value (Base Currency),Net Value USD,,Currency Pairs - LF Strength Index,,,,,,,
USD,"98,400","31,502","3,099,796,800","23,471","2,309,546,400","11,357","1,117,528,800","12,114","1,192,017,600",-757,-2.40%,-3.23%,3.97%,"-74,488,800","-74,488,800",,GBPCAD,EURCAD,GBPJPY,NZDCAD,EURJPY,USDCAD,CHFJPY,
EUR,"125,000","845,820","123,614,478,450","184,349","26,942,145,478","107,011","13,376,375,000","77,338","9,667,250,000","29,673",3.51%,16.10%,-2.51%,"3,709,125,000","4,336,634,768",,40.10%,38.20%,31.40%,30.60%,29.50%,28.50%,27.00%,
GBP,"62,500","226,437","19,110,999,754","108,777","9,180,642,829","65,228","4,076,750,000","43,549","2,721,812,500","21,679",9.57%,19.93%,-2.68%,"1,354,937,500","1,829,680,501",,NZDJPY,AUDCAD,USDJPY,GBPAUD,EURAUD,AUDJPY,GBPUSD,
CAD,"100,000","225,322","16,400,963,058","73,121","5,322,404,469","14,546","1,454,600,000","58,575","5,857,500,000","-44,029",-19.54%,-60.21%,-12.14%,"-4,402,900,000","-3,204,826,881",,22.00%,21.10%,19.90%,19.00%,17.10%,12.40%,11.60%,
AUD,"100,000","185,048","12,108,800,928","57,215","3,743,920,740","23,431","2,343,100,000","33,784","3,378,400,000","-10,353",-5.59%,-18.09%,-10.75%,"-1,035,300,000","-677,458,908",,EURUSD,GBPNZD,EURNZD,GBPCHF,EURCHF,NZDUSD,EURGBP,
NZD,"100,000","55,035","3,245,358,915","27,347","1,612,625,243","13,816","1,381,600,000","13,531","1,353,100,000",285,0.52%,1.04%,1.87%,"28,500,000","16,806,165",,9.70%,9.40%,7.50%,4.40%,2.50%,2.10%,-1.90%,
CHF,"125,000","80,906","12,631,449,250","12,809","1,999,805,125","7,112","889,000,000","5,697","712,125,000","1,415",1.75%,11.05%,10.44%,"176,875,000","220,916,875",,NZDCHF,USDCHF,AUDUSD,CADJPY,AUDNZD,AUDCHF,CADCHF,
JPY,"12,500,000","414,249","35,211,165,000","131,383","11,167,555,000","37,470","468,375,000,000","93,913","1,173,912,500,000","-56,443",-13.63%,-42.96%,-7.48%,"-705,537,500,000","-4,797,655,000",,-5.00%,-7.10%,-7.40%,-8.60%,-9.60%,-14.60%,-35.60%,
SP500 (E-MINI),"265,000","1,997,661","529,380,165,000","649,963","172,240,195,000","133,854","35,471,310,000","516,109","136,768,885,000",-382255,-19.14%,-58.81%,3.12%,"-101,297,575,000","-101,297,575,000",,,,,,,,,
NAS100 (NQ MINI),"370,000","282,221","104,421,770,000","146,992","54,387,040,000","64,181","23,746,970,000","82,811","30,640,070,000",-18630,-6.60%,-12.67%,-0.53%,"-6,893,100,000","-6,893,100,000",,,,,,,,,
US30 (YM),"200,000","82,004","16,400,800,000","22,459","4,491,800,000","6,452","1,290,400,000","16,007","3,201,400,000",-9555,-11.65%,-42.54%,-12.96%,"-1,911,000,000","-1,911,000,000",,,,,,,,,
,,,,,,,,,,,,,,,,,,,,,,,,
"Week of August 26, 2025 - COT Leveraged Funds >>> valid for trades from September 1, 2025",,,,,,,,,,,,,,,,,,,,,,,,
Currency,Contract Value,Open Interest TOTAL,Open Interest TOTAL USD,Open Interest LF,Open Interest LF USD,Long Positions,Long Value,Short Positions,Short Value,Net Positions,Net Percent,Net Percent LF,Net % LF Δ,Net Value (Base Currency),Net Value USD,,Currency Pairs - LF Strength Index,,,,,,,
USD,"98,430","31,488","3,099,363,840","26,670","2,625,128,100","12,375","1,218,071,250","14,295","1,407,056,850","-1,920",-6.10%,-7.20%,10.79%,"-188,985,600","-188,985,600",,GBPCAD,EURCAD,GBPJPY,EURJPY,NZDCAD,USDCAD,AUDCAD,
EUR,"125,000","842,215","123,275,009,550","183,851","26,910,270,870","109,029","13,628,625,000","74,822","9,352,750,000","34,207",4.06%,18.61%,-0.39%,"4,275,875,000","5,006,878,590",,35.30%,33.30%,29.00%,27.00%,23.60%,20.40%,20.40%,
GBP,"62,500","219,906","18,569,824,729","104,600","8,832,881,625","64,127","4,007,937,500","40,473","2,529,562,500","23,654",10.76%,22.61%,1.43%,"1,478,375,000","1,997,447,246",,CHFJPY,NZDJPY,GBPAUD,GBPUSD,USDJPY,AUDJPY,EURAUD,
CAD,"100,000","227,180","16,428,067,340","75,185","5,436,852,905","19,521","1,952,100,000","55,664","5,566,400,000","-36,143",-15.91%,-48.07%,0.42%,"-3,614,300,000","-2,613,608,759",,18.00%,17.30%,15.00%,14.90%,14.10%,14.10%,13.00%,
AUD,"100,000","191,207","12,399,582,743","12,399,582,743","3,960,912,071","28,298","2,829,800,000","32,781","3,278,100,000","-4,483",-2.34%,-7.34%,0.34%,"-448,300,000","-290,718,067",,EURUSD,GBPNZD,GBPCHF,EURNZD,EURCHF,NZDUSD,AUDUSD,
NZD,"100,000","53,094","3,114,175,476","27,255","1,598,614,770","13,515","1,351,500,000","13,740","1,374,000,000",-225,-0.42%,-0.83%,17.50%,"-22,500,000","-13,197,150",,12.90%,11.70%,11.00%,9.70%,9.00%,3.20%,-0.10%,
CHF,"125,000","78,933","12,298,550,730","10,305","1,605,622,050","5,184","648,000,000","5,121","640,125,000",63,0.08%,0.61%,1.46%,"7,875,000","9,816,030",,NZDCHF,EURGBP,AUDNZD,USDCHF,AUDCHF,CADJPY,CADCHF,
JPY,"12,500,000","357,366","30,331,439,250","116,642","9,899,989,750","37,627","470,337,500,000","79,015","987,687,500,000","-41,388",-11.58%,-35.48%,3.46%,"-517,350,000,000","-3,512,806,500",,-0.70%,-2.00%,-3.30%,-3.90%,-4.00%,-6.30%,-24.30%,
SP500 (E-MINI),"265,000","2,018,365","534,866,725,000","679,113","179,964,945,000","129,279","34,258,935,000","549,834","145,706,010,000",-420555,-20.84%,-61.93%,-5.53%,"-111,447,075,000","-111,447,075,000",,,,,,,,,
NAS100 (NQ MINI),"370,000","284,355","105,211,350,000","139,249","51,522,130,000","61,174","22,634,380,000","78,075","28,887,750,000",-16901,-5.94%,-12.14%,1.98%,"-6,253,370,000","-6,253,370,000",,,,,,,,,
US30 (YM),"200,000","84,505","16,901,000,000","25,698","5,139,600,000","9,048","1,809,600,000","16,650","3,330,000,000",-7602,-9%,-29.58%,2.10%,"-1,520,400,000","-1,520,400,000",,,,,,,,,
,,,,,,,,,,,,,,,,,,,,,,,,
"Week of August 19, 2025 - COT Leveraged Funds >>> valid for trades from August 25, 2025",,,,,,,,,,,,,,,,,,,,,,,,
Currency,Contract Value,Open Interest TOTAL,Open Interest TOTAL USD,Open Interest LF,Open Interest LF USD,Long Positions,Long Value,Short Positions,Short Value,Net Positions,Net Percent,Net Percent LF,Net % LF Δ,Net Value (Base Currency),Net Value USD,,Currency Pairs - LF Strength Index,,,,,,,
USD,"98,170","28,891","2,836,229,470","21,159","2,077,179,030","8,676","851,722,920","12,483","1,225,456,110","-3,807",-13.18%,-17.99%,12.36%,"-373,733,190","-373,733,190",,GBPCAD,EURCAD,GBPJPY,EURJPY,AUDCAD,GBPNZD,GBPUSD,
EUR,"125,000","825,219","120,756,359,318","174,848","25,585,944,960","104,037","13,004,625,000","70,811","8,851,375,000","33,226",4.03%,19%,-1.95%,"4,153,250,000","4,862,043,645",,34.80%,33.70%,30.10%,29.00%,20.40%,19.80%,19.60%,
GBP,"62,500","219,831","18,625,731,053","106,032","8,983,826,280","64,243","4,015,187,500","41,789","2,611,812,500","22,454",10.21%,21.18%,-6.45%,"1,403,375,000","1,902,471,285",,CHFJPY,EURNZD,EURUSD,AUDJPY,USDCAD,NZDCAD,GBPAUD,
CAD,"100,000","220,859","15,986,878,715","69,942","5,062,751,670","18,015","1,801,500,000","51,927","5,192,700,000","-33,912",-15.35%,-48.49%,-5.37%,"-3,391,200,000","-2,454,720,120",,19.00%,18.70%,18.50%,15.60%,15.30%,15.10%,14.40%,
AUD,"100,000","185,901","12,107,732,130","62,727","4,085,409,510","28,954","2,895,400,000","33,773","3,377,300,000","-4,819",-2.59%,-7.68%,11.42%,"-481,900,000","-313,861,470",,EURAUD,GBPCHF,USDJPY,NZDJPY,EURCHF,AUDNZD,AUDUSD,
NZD,"100,000","47,495","2,815,788,570","21,844","1,295,043,384","8,920","892,000,000","12,924","1,292,400,000","-4,004",-8.43%,-18.33%,0.62%,"-400,400,000","-237,381,144",,13.30%,11.00%,10.50%,10.30%,9.90%,5.30%,5.20%,
CHF,"125,000","80,039","12,403,743,879","9,910","1,535,765,088","4,913","614,125,000","4,997","624,625,000",-84,-0.10%,-0.85%,18.60%,"-10,500,000","-13,017,585",,NZDUSD,EURGBP,AUDCHF,CADJPY,USDCHF,NZDCHF,CADCHF,
JPY,"12,500,000","348,982","29,619,847,250","111,346","9,450,491,750","33,996","424,950,000,000","77,350","966,875,000,000","-43,354",-12.42%,-38.94%,-7.20%,"-541,925,000,000","-3,679,670,750",,-0.20%,-1.10%,-3.40%,-4.80%,-8.60%,-8.70%,-23.80%,
SP500 (E-MINI),"265,000","1,974,585","523,265,025,000","647,769","171,658,785,000","141,214","37,421,710,000","506,555","134,237,075,000",-365341,-18.50%,-56.40%,2.93%,"-96,815,365,000","-96,815,365,000",,,,,,,,,
NAS100 (NQ MINI),"370,000","289,577","107,143,490,000","132,677","49,090,490,000","56,969","21,078,530,000","75,708","28,011,960,000",-18739,-6.47%,-14.12%,-3.81%,"-6,933,430,000","-6,933,430,000",,,,,,,,,
US30 (YM),"200,000","85,223","17,044,600,000","26,940","5,388,000,000","9,203","1,840,600,000","17,737","3,547,400,000",-8534,-10.01%,-31.68%,-4.14%,"-1,706,800,000","-1,706,800,000",,,,,,,,,
,,,,,,,,,,,,,,,,,,,,,,,,
"Week of August 12, 2025 - COT Leveraged Funds >>> valid for trades from August 18, 2025",,,,,,,,,,,,,,,,,,,,,,,,
Currency,Contract Value,Open Interest TOTAL,Open Interest TOTAL USD,Open Interest LF,Open Interest LF USD,Long Positions,Long Value,Short Positions,Short Value,Net Positions,Net Percent,Net Percent LF,Net % LF Δ,Net Value (Base Currency),Net Value USD,,Currency Pairs - LF Strength Index,,,,,,,
USD,"98,520","30,410","2,995,993,200","21,810","2,148,721,200","7,595","748,259,400","14,215","1,400,461,800","-6,620",-21.77%,-30.35%,-2.14%,"-652,202,400","-652,202,400",,GBPCAD,EURCAD,GBPJPY,GBPUSD,EURJPY,EURUSD,GBPCHF,
EUR,"125,000","824,972","120,115,923,200","166,790","24,284,624,000","100,864","12,608,000,000","65,926","8,240,750,000","34,938",4.24%,20.95%,1.73%,"4,367,250,000","5,086,972,800",,35.40%,32.00%,29.70%,29.00%,26.30%,25.70%,23.50%,
GBP,"62,500","216,082","18,156,965,306","99,039","8,322,061,472","63,204","3,950,250,000","35,835","2,239,687,500","27,369",12.67%,27.63%,-16.86%,"1,710,562,500","2,299,765,753",,GBPAUD,GBPNZD,EURCHF,EURAUD,EURNZD,NZDCAD,AUDCAD,
CAD,"100,000","221,109","16,077,498,717","71,332","5,186,763,716","20,286","2,028,600,000","51,046","5,104,600,000","-30,760",-13.91%,-43.12%,-2.47%,"-3,076,000,000","-2,236,651,880",,23.40%,23.30%,20.20%,20.00%,20.00%,12.10%,12.00%,
AUD,"100,000","171,294","11,164,429,038","50,764","3,308,645,228","20,533","2,053,300,000","30,231","3,023,100,000","-9,698",-5.66%,-19.10%,1.95%,"-969,800,000","-632,086,546",,USDCAD,NZDJPY,AUDJPY,CHFJPY,NZDUSD,AUDUSD,USDJPY,
NZD,"100,000","48,240","2,869,942,320","22,108","1,315,271,244","8,959","895,900,000","13,149","1,314,900,000","-4,190",-8.69%,-18.95%,14.95%,"-419,000,000","-249,275,670",,6.40%,6.40%,6.30%,6.10%,5.70%,5.60%,0.70%,
CHF,"125,000","80,415","12,448,644,075","11,029","1,707,344,345","4,442","555,250,000","555,250,000","823,375,000","-2,145",-2.67%,-19.45%,6.55%,"-268,125,000","-332,056,725",,NZDCHF,AUDCHF,AUDNZD,EURGBP,USDCHF,CADJPY,CADCHF,
JPY,"12,500,000","351,163","29,717,168,875","111,556","9,440,426,500","38,075","475,937,500,000","73,481","918,512,500,000","-35,406",-10.08%,-31.74%,-9.77%,"-442,575,000,000","-2,996,232,750",,0.30%,0.20%,-0.10%,-3.30%,-5.50%,-5.70%,-11.80%,
SP500 (E-MINI),"265,000","1,967,857","521,482,105,000","651,914","172,757,210,000","132,581","35,133,965,000","519,333","137,623,245,000",-386752,-19.65%,-59.33%,-6.56%,"-102,489,280,000","-102,489,280,000",,,,,,,,,
NAS100 (NQ MINI),"370,000","303,576","112,323,120,000","157,952","58,442,240,000","70,831","26,207,470,000","87,121","32,234,770,000",-16290,-5.37%,-10.31%,0.77%,"-6,027,300,000","-6,027,300,000",,,,,,,,,
US30 (YM),"200,000","87,098","17,419,600,000","27,509","5,501,800,000","9,967","1,993,400,000","17,542","3,508,400,000",-7575,-8.70%,-27.54%,-5.39%,"-1,515,000,000","-1,515,000,000",,,,,,,,,
,,,,,,,,,,,,,,,,,,,,,,,,
"Week of August 5, 2025 - COT Leveraged Funds >>> valid for trades from August 11, 2025",,,,,,,,,,,,,,,,,,,,,,,,
Currency,Contract Value,Open Interest TOTAL,Open Interest TOTAL USD,Open Interest LF,Open Interest LF USD,Long Positions,Long Value,Short Positions,Short Value,Net Positions,Net Percent,Net Percent LF,Net % LF Δ,Net Value (Base Currency),Net Value USD,,Currency Pairs - LF Strength Index,,,,,,,
USD,"98,780","30,064","2,969,721,920","21,468","2,120,609,040","7,706","761,198,680","13,762","1,359,410,360","-6,056",-20.14%,-28.21%,-14.11%,"-598,211,680","-598,211,680",,GBPCAD,GBPNZD,GBPUSD,GBPCHF,GBPJPY,GBPAUD,EURCAD,
EUR,"125,000","818,360","118,526,147,650","177,988","25,778,669,495","106,098","13,262,250,000","71,890","71,890","34,208",4.18%,19.22%,2.92%,"4,276,000,000","4,954,472,920",,42.60%,39.20%,36.40%,35.20%,33.20%,32.80%,29.90%,
GBP,"62,500","206,254","17,131,843,966","89,836","7,461,946,602","64,904","4,056,500,000","24,932","1,558,250,000","39,972",19.38%,44.49%,-3.97%,"2,498,250,000","3,320,149,267",,EURNZD,EURUSD,EURCHF,EURJPY,EURAUD,AUDCAD,AUDNZD,
CAD,"100,000","214,849","15,593,310,722","73,530","5,336,660,340","21,819","2,181,900,000","51,711","5,171,100,000","-29,892",-13.91%,-40.65%,5.50%,"-2,989,200,000","-2,169,501,576",,26.60%,23.70%,22.60%,20.60%,20.10%,9.80%,6.40%,
AUD,"100,000","163,900","10,602,854,900","49,720","3,216,436,520","19,628","1,962,800,000","30,092","3,009,200,000","-10,464",-6.38%,-21.05%,-1.22%,"-1,046,400,000","-676,926,624",,USDCAD,AUDUSD,NZDCAD,AUDCHF,AUDJPY,USDCHF,CHFJPY,
NZD,"100,000","48,090","2,844,138,780","19,996","1,182,603,432","6,609","660,900,000","13,387","1,338,700,000","-6,778",-14.09%,-33.90%,-4.60%,"-677,800,000","-400,864,476",,6.20%,3.60%,3.40%,2.50%,0.50%,-1.10%,-2.00%,
CHF,"125,000","79,837","12,412,358,186","14,287","2,221,217,749","5,286","660,750,000","9,001","1,125,125,000","-3,715",-4.65%,-26%,-11.83%,"-464,375,000","-577,575,694",,NZDUSD,USDJPY,NZDCHF,NZDJPY,CADCHF,CADJPY,EURGBP,
JPY,"12,500,000","337,378","28,634,957,750","98,532","8,362,903,500","38,441","480,512,500,000","60,091","751,137,500,000","-21,650",-6.42%,-21.97%,0.04%,"-270,625,000,000","-1,837,543,750",,-2.80%,-3.10%,-3.90%,-6.00%,-7.30%,-9.30%,-12.60%,
SP500 (E-MINI),"265,000","1,909,338","505,974,570,000","616,303","163,320,295,000","145,530","38,565,450,000","470,773","124,754,845,000",-325243,-17.03%,-52.77%,0.89%,"-86,189,395,000","-86,189,395,000",,,,,,,,,
NAS100 (NQ MINI),"370,000","277,507","102,677,590,000","131,999","48,839,630,000","58,687","21,714,190,000","73,312","27,125,440,000",-14625,-5.27%,-11.08%,3.75%,"-5,411,250,000","-5,411,250,000",,,,,,,,,
US30 (YM),"200,000","87,993","17,598,600,000","28,453","5,690,600,000","11,075","2,215,000,000","17,378","3,475,600,000",-6303,-7.16%,-22.15%,-12.25%,"-1,260,600,000","-1,260,600,000",,,,,,,,,
,,,,,,,,,,,,,,,,,,,,,,,,
"Week of July 29, 2025 - COT Leveraged Funds >>> valid for trades from August 4, 2025",,,,,,,,,,,,,,,,,,,,,,,,
Currency,Contract Value,Open Interest TOTAL,Open Interest TOTAL USD,Open Interest LF,Open Interest LF USD,Long Positions,Long Value,Short Positions,Short Value,Net Positions,Net Percent,Net Percent LF,Net % LF Δ,Net Value (Base Currency),Net Value USD,,Currency Pairs - LF Strength Index,,,,,,,
USD,"98,660","32,919","3,247,788,540","20,323","2,005,067,180","8,729","861,203,140","11,594","1,143,864,040","-2,865",-8.70%,-14.10%,-17.81%,"-282,660,900","-282,660,900",,GBPCAD,GBPNZD,GBPJPY,GBPAUD,GBPUSD,GBPCHF,EURCAD,
EUR,"125,000","828,577","121,767,675,920","189,338","27,825,112,480","110,100","13,762,500,000","79,238","9,904,750,000","30,862",3.72%,16.30%,0.18%,"3,857,750,000","4,535,479,520",,47.30%,38.90%,35.20%,34.10%,31.30%,31.30%,31.20%,
GBP,"62,500","207,879","17,463,005,319","98,441","8,269,597,731","73,071","4,566,937,500","25,370","1,585,625,000","47,701",22.95%,48.46%,-6.81%,"2,981,312,500","4,007,152,318",,EURNZD,EURJPY,EURAUD,USDCAD,EURUSD,EURCHF,AUDCAD,
CAD,"100,000","201,852","14,731,562,664","65,195","4,758,061,490","17,555","1,755,500,000","47,640","4,764,000,000","-30,085",-14.90%,-46.15%,-2.16%,"-3,008,500,000","-2,195,663,470",,22.80%,19.20%,18.10%,16.00%,15.20%,15.20%,13.20%,
AUD,"100,000","159,680","10,495,766,400","57,412","3,773,690,760","23,013","2,301,300,000","34,399","3,439,900,000","-11,386",-7.13%,-19.83%,-0.67%,"-1,138,600,000","-748,401,780",,NZDCAD,AUDNZD,USDJPY,CHFJPY,AUDJPY,USDCHF,AUDCHF,
NZD,"100,000","46,587","2,804,211,291","21,334","1,284,157,462","7,542","754,200,000","13,792","1,379,200,000","-6,250",-13.42%,-29.30%,8.80%,"-625,000,000","-376,206,250",,8.40%,4.70%,4.00%,3.90%,1.10%,0.00%,-2.80%,
CHF,"125,000","76,905","12,086,389,800","15,968","2,509,530,880","6,853","856,625,000","9,115","1,139,375,000","-2,262",-2.94%,-14.17%,9.42%,"-282,750,000","-355,495,920",,AUDUSD,NZDJPY,NZDUSD,NZDCHF,CADJPY,CADCHF,EURGBP,
JPY,"12,500,000","329,115","27,851,356,875","94,878","8,029,050,750","37,000","462,500,000,000","57,878","723,475,000,000","-20,878",-6.34%,-22.01%,-14.44%,"-260,975,000,000","-1,766,800,750",,-2.90%,-3.60%,-7.60%,-7.60%,-12.10%,-16.00%,-16.10%,
SP500 (E-MINI),"265,000","1,941,931","514,611,715,000","681,057","180,480,105,000","157,815","41,820,975,000","523,242","138,659,130,000",-365427,-18.82%,-53.66%,0.28%,"-96,838,155,000","-96,838,155,000",,,,,,,,,
NAS100 (NQ MINI),"370,000","281,762","104,251,940,000","144,845","53,592,650,000","61,680","22,821,600,000","83,165","30,771,050,000",-21485,-7.63%,-14.83%,4.65%,"-7,949,450,000","-7,949,450,000",,,,,,,,,
US30 (YM),"200,000","86,736","17,347,200,000","26,759","5,351,800,000","12,055","2,411,000,000","14,704","2,940,800,000",-2649,-3.05%,-9.90%,-10.07%,"-529,800,000","-529,800,000",,,,,,,,,
,,,,,,,,,,,,,,,,,,,,,,,,
"Week of July 22, 2025 - COT Leveraged Funds >>> valid for trades from July 28, 2025",,,,,,,,,,,,,,,,,,,,,,,,
Currency,Contract Value,Open Interest TOTAL,Open Interest TOTAL USD,Open Interest LF,Open Interest LF USD,Long Positions,Long Value,Short Positions,Short Value,Net Positions,Net Percent,Net Percent LF,Net % LF Δ,Net Value (Base Currency),Net Value USD,,Currency Pairs - LF Strength Index,,,,,,,
USD,"97,850","35,725","3,495,691,250","24,697","2,416,601,450","12,807","1,253,164,950","11,890","1,163,436,500",917,2.57%,3.71%,-9.58%,"89,728,450","89,728,450",,GBPCAD,GBPNZD,GBPCHF,GBPAUD,GBPJPY,EURCAD,EURNZD,
EUR,"125,000","843,447","122,623,487,786","176,211","25,618,215,971","102,310","12,788,750,000","73,901","9,237,625,000","28,409",3.37%,16.12%,-5.98%,"3,551,125,000","4,130,206,954",,49.60%,46.70%,39.40%,37.20%,31.40%,30.10%,27.10%,
GBP,"62,500","195,467","16,389,907,950","93,211","7,815,742,350","72,364","4,522,750,000","20,847","1,302,937,500","51,517",26.36%,55.27%,6.53%,"3,219,812,500","4,319,700,450",,GBPUSD,USDCAD,EURCHF,EURAUD,USDCHF,AUDCAD,EURJPY,
CAD,"100,000","200,895","14,638,214,175","69,625","5,073,225,625","19,500","1,950,000,000","50,125","5,012,500,000","-30,625",-15.24%,-43.99%,-3.37%,"-3,062,500,000","-2,231,490,625",,25.80%,23.90%,19.90%,17.60%,13.70%,12.40%,11.80%,
AUD,"100,000","161,394","10,510,138,674","63,611","4,142,411,931","25,713","2,571,300,000","37,898","3,789,800,000","-12,185",-7.55%,-19.16%,11.70%,"-1,218,500,000","-793,499,385",,AUDNZD,EURUSD,USDJPY,NZDCAD,AUDCHF,AUDJPY,NZDCHF,
NZD,"100,000","44,100","2,625,184,800","19,232","1,144,842,496","5,952","595,200,000","13,280","1,328,000,000","-7,328",-16.62%,-38.10%,-0.92%,"-732,800,000","-436,221,184",,9.50%,6.20%,5.60%,2.90%,2.20%,-5.80%,-7.30%,
CHF,"125,000","75,681","11,807,749,620","15,605","2,434,692,100","5,962","745,250,000","9,643","1,205,375,000","-3,681",-4.86%,-23.59%,-15.57%,"-460,125,000","-574,309,620",,CHFJPY,CADCHF,AUDUSD,NZDJPY,CADJPY,EURGBP,NZDUSD,
JPY,"12,500,000","313,040","26,373,620,000","80,051","6,744,296,750","36,995","462,437,500,000","43,056","538,200,000,000","-6,061",-1.94%,-7.57%,-3.76%,"-75,762,500,000","-510,639,250",,-8.00%,-10.20%,-11.40%,-15.30%,-18.20%,-19.60%,-20.90%,
SP500 (E-MINI),"265,000","1,917,043","508,016,395,000","632,747","167,677,955,000","145,719","38,615,535,000","487,028","129,062,420,000",-341309,-17.80%,-53.94%,-2.44%,"-90,446,885,000","-90,446,885,000",,,,,,,,,
NAS100 (NQ MINI),"370,000","270,972","100,259,640,000","122,867","45,460,790,000","49,469","18,303,530,000","73,398","27,157,260,000",-23929,-8.83%,-19.48%,-3.57%,"-8,853,730,000","-8,853,730,000",,,,,,,,,
US30 (YM),"200,000","84,378","16,875,600,000","24,265","4,853,000,000","12,153","2,430,600,000","12,112","2,422,400,000",41,0.05%,0.17%,-1.03%,"8,200,000","8,200,000",,,,,,,,,
,,,,,,,,,,,,,,,,,,,,,,,,
"Week of July 15, 2025 - COT Leveraged Funds >>> valid for trades from July 21, 2025",,,,,,,,,,,,,,,,,,,,,,,,
Currency,Contract Value,Open Interest TOTAL,Open Interest TOTAL USD,Open Interest LF,Open Interest LF USD,Long Positions,Long Value,Short Positions,Short Value,Net Positions,Net Percent,Net Percent LF,Net % LF Δ,Net Value (Base Currency),Net Value USD,,Currency Pairs - LF Strength Index,,,,,,,
USD,"98,080","35,177","3,450,160,160","25,131","2,464,848,480","14,235","1,396,168,800","10,896","1,068,679,680","3,339",9.49%,13.29%,7.18%,"327,489,120","327,489,120",,GBPCAD,GBPNZD,GBPAUD,EURCAD,EURNZD,GBPCHF,USDCAD,
EUR,"125,000","820,440","119,805,776,550","174,336","25,457,632,320","106,430","13,303,750,000","67,906","8,488,250,000","38,524",4.70%,22.10%,6.04%,"4,815,500,000","5,625,515,255",,44.70%,43.00%,39.80%,31.40%,29.60%,28.40%,27.00%,
GBP,"62,500","187,275","15,794,071,219","97,505","8,223,206,056","72,514","4,532,125,000","24,991","1,561,937,500","47,523",25.38%,48.74%,12.79%,"2,970,187,500","4,007,911,609",,EURAUD,GBPJPY,GBPUSD,EURCHF,EURJPY,USDCHF,USDJPY,
CAD,"100,000","202,720","14,814,372,160","63,312","4,626,714,336","18,796","1,879,600,000","44,516","4,451,600,000","-25,720",-12.69%,-40.62%,4.18%,"-2,572,000,000","-1,879,566,160",,26.50%,26.30%,17.70%,15.10%,13.00%,10.70%,8.50%,
AUD,"100,000","150,487","9,899,185,347","57,064","3,753,726,984","19,728","1,972,800,000","37,336","3,733,600,000","-17,608",-11.70%,-30.86%,-2.40%,"-1,760,800,000","-1,158,271,848",,AUDCAD,EURUSD,AUDNZD,NZDCAD,CHFJPY,AUDCHF,EURGBP,
NZD,"100,000","41,959","2,520,435,171","18,138","1,089,531,522","5,697","569,700,000","12,441","1,244,100,000","-6,744",-16.07%,-37.18%,9.28%,"-674,400,000","-405,105,336",,4.90%,4.40%,3.20%,1.70%,-2.10%,-11.40%,-13.30%,
CHF,"125,000","74,255","11,649,124,400","15,501","2,431,796,880","7,129","891,125,000","8,372","1,046,500,000","-1,243",-1.67%,-8.02%,-10.53%,"-155,375,000","-195,001,840",,AUDJPY,NZDCHF,CADCHF,NZDJPY,CADJPY,AUDUSD,NZDUSD,
JPY,"12,500,000","321,350","27,274,581,250","88,143","7,481,137,125","42,392","529,900,000,000","45,751","571,887,500,000","-3,359",-1.05%,-3.81%,-17.68%,"-41,987,500,000","-285,095,125",,-13.50%,-14.60%,-16.30%,-16.70%,-18.40%,-22.10%,-25.20%,
SP500 (E-MINI),"265,000","1,935,859","513,002,635,000","669,472","177,410,080,000","162,331","43,017,715,000","507,141","134,392,365,000",-344810,-17.81%,-51.50%,2.72%,"-91,374,650,000","-91,374,650,000",,,,,,,,,
NAS100 (NQ MINI),"370,000","271,661","100,514,570,000","128,650","47,600,500,000","54,088","20,012,560,000","74,562","27,587,940,000",-20474,-7.54%,-15.91%,-7.26%,"-7,575,380,000","-7,575,380,000",,,,,,,,,
US30 (YM),"200,000","83,480","16,696,000,000","22,122","4,424,400,000","11,194","2,238,800,000","10,928","2,185,600,000",266,0.32%,1.20%,9.06%,"53,200,000","53,200,000",,,,,,,,,
,,,,,,,,,,,,,,,,,,,,,,,,
"Week of July 8, 2025 - COT Leveraged Funds >>> valid for trades from July 14, 2025",,,,,,,,,,,,,,,,,,,,,,,,
Currency,Contract Value,Open Interest TOTAL,Open Interest TOTAL USD,Open Interest LF,Open Interest LF USD,Long Positions,Long Value,Short Positions,Short Value,Net Positions,Net Percent,Net Percent LF,Net % LF Δ,Net Value (Base Currency),Net Value USD,,Currency Pairs - LF Strength Index,,,,,,,
USD,"97,480","35,076","3,419,208,480","26,296","2,563,334,080","13,952","1,360,040,960","12,344","1,203,293,120","1,608",4.58%,6.11%,-4.09%,"156,747,840","156,747,840",,GBPNZD,GBPCAD,GBPAUD,EURNZD,EURCAD,USDCAD,EURAUD,
EUR,"125,000","805,847","118,669,029,220","181,343","26,704,570,180","105,233","13,154,125,000","76,110","9,513,750,000","29,123",3.61%,16.06%,7.00%,"3,640,375,000","4,288,652,980",,41.20%,40.40%,32.20%,31.30%,30.40%,25.50%,22.30%,
GBP,"62,500","191,557","16,344,002,409","101,939","8,697,626,616","69,294","4,330,875,000","32,645","2,040,312,500","36,649",19.13%,35.95%,5.63%,"2,290,562,500","3,126,961,397",,GBPCHF,GBPUSD,GBPJPY,AUDNZD,AUDCAD,EURCHF,EURUSD,
CAD,"100,000","201,326","14,799,876,912","64,235","4,722,043,320","17,728","1,772,800,000","46,507","4,650,700,000","-28,779",-14.29%,-44.80%,4.22%,"-2,877,900,000","-2,115,601,848",,16.70%,14.90%,11.00%,9.00%,8.20%,6.80%,5.00%,
AUD,"100,000","153,390","10,049,806,020","61,314","4,017,170,652","21,932","2,193,200,000","39,382","3,938,200,000","-17,450",-11.38%,-28.46%,11.96%,"-1,745,000,000","-1,143,289,100",,USDCHF,EURJPY,NZDCAD,USDJPY,CHFJPY,EURGBP,AUDCHF,
NZD,"100,000","43,037","2,604,254,944","18,626","1,127,096,512","4,986","498,600,000","13,640","1,364,000,000","-8,654",-20.11%,-46.46%,-0.27%,"-865,400,000","-523,670,848",,1.80%,1.10%,-0.80%,-3.90%,-5.70%,-9.90%,-15.50%,
CHF,"125,000","72,761","11,454,218,523","13,407","2,110,563,458","6,872","859,000,000","6,535","816,875,000",337,0.46%,2.51%,11.60%,"42,125,000","53,051,383",,AUDUSD,AUDJPY,CADCHF,NZDCHF,NZDUSD,CADJPY,NZDJPY,
JPY,"12,500,000","308,621","26,695,716,500","74,828","6,472,622,000","42,605","532,562,500,000","32,223","402,787,500,000","10,382",3.36%,13.87%,-10.09%,"129,775,000,000","898,043,000",,-17.30%,-21.20%,-23.70%,-24.50%,-26.30%,-29.30%,-30.20%,
SP500 (E-MINI),"265,000","1,899,046","503,247,190,000","641,143","169,902,895,000","146,754","38,889,810,000","494,389","131,013,085,000",-347635,-18.31%,-54.22%,-2.51%,"-92,123,275,000","-92,123,275,000",,,,,,,,,
NAS100 (NQ MINI),"370,000","270,422","100,056,140,000","128,247","47,451,390,000","58,579","21,674,230,000","69,668","25,777,160,000",-11089,-4.10%,-8.65%,3.21%,"-4,102,930,000","-4,102,930,000",,,,,,,,,
US30 (YM),"200,000","85,138","17,027,600,000","23,779","4,755,800,000","10,955","2,191,000,000","12,824","2,564,800,000",-1869,-2.20%,-7.86%,1.06%,"-373,800,000","-373,800,000",,,,,,,,,
,,,,,,,,,,,,,,,,,,,,,,,,
"Week of July 1, 2025 - COT Leveraged Funds >>> valid for trades from July 7, 2025",,,,,,,,,,,,,,,,,,,,,,,,
Currency,Contract Value,Open Interest TOTAL,Open Interest TOTAL USD,Open Interest LF,Open Interest LF USD,Long Positions,Long Value,Short Positions,Short Value,Net Positions,Net Percent,Net Percent LF,Net % LF Δ,Net Value (Base Currency),Net Value USD,,Currency Pairs - LF Strength Index,,,,,,,
USD,"96,880","36,286","3,515,387,680","26,986","2,614,403,680","14,869","1,440,508,720","12,117","1,173,894,960","2,752",7.58%,10.20%,11.99%,"266,613,760","266,613,760",,GBPCAD,GBPNZD,GBPAUD,USDCAD,EURCAD,EURNZD,EURAUD,
EUR,"125,000","779,031","114,201,075,656","168,025","24,631,414,844","91,623","11,452,875,000","76,402","9,550,250,000","15,221",1.95%,9.06%,-4.45%,"1,902,625,000","2,231,303,469",,39.70%,38.30%,35.40%,29.60%,29.00%,27.60%,24.70%,
GBP,"62,500","188,689","16,179,727,958","99,298","8,514,617,316","64,702","4,043,875,000","34,596","2,162,250,000","30,106",15.96%,30.32%,-18.54%,"1,881,625,000","2,581,533,051",,GBPCHF,GBPUSD,USDCHF,EURCHF,AUDCAD,GBPJPY,AUDNZD,
CAD,"100,000","203,485","14,873,125,620","63,477","4,639,660,884","16,179","1,617,900,000","47,298","4,729,800,000","-31,119",-15.29%,-49.02%,1.17%,"-3,111,900,000","-2,274,549,948",,19.70%,10.10%,9.60%,9.10%,4.30%,3.20%,2.90%,
AUD,"100,000","151,338","9,887,214,216","60,092","3,925,930,544","17,902","1,790,200,000","42,190","4,219,000,000","-24,288",-16.05%,-40.42%,-3.30%,"-2,428,800,000","-1,586,783,616",,NZDCAD,EURUSD,USDJPY,EURJPY,EURGBP,AUDCHF,CHFJPY,
NZD,"100,000","42,303","2,565,253,920","18,236","1,105,831,040","4,906","490,600,000","13,330","1,333,000,000","-8,424",-19.91%,-46.19%,25.18%,"-842,400,000","-510,831,360",,1.40%,-0.60%,-6.90%,-7.40%,-10.60%,-15.70%,-16.50%,
CHF,"125,000","72,546","11,360,159,505","11,770","1,843,093,725","5,350","668,750,000","6,420","802,500,000","-1,070",-1.47%,-9.09%,-19.19%,"-133,750,000","-167,553,975",,NZDCHF,CADCHF,AUDUSD,NZDUSD,AUDJPY,NZDJPY,CADJPY,
JPY,"12,500,000","314,251","27,182,711,500","69,486","6,010,539,000","43,066","538,325,000,000","26,420","330,250,000,000","16,646",5.30%,23.96%,-1.46%,"208,075,000,000","1,439,879,000",,-18.50%,-20.00%,-25.30%,-28.20%,-32.20%,-35.10%,-36.50%,
SP500 (E-MINI),"265,000","1,887,354","500,148,810,000","592,333","156,968,245,000","143,023","37,901,095,000","449,310","119,067,150,000",-306287,-16.23%,-51.71%,-1.79%,"-81,166,055,000","-81,166,055,000",,,,,,,,,
NAS100 (NQ MINI),"370,000","265,393","98,195,410,000","132,230","48,925,100,000","58,273","21,561,010,000","73,957","27,364,090,000",-15684,-5.91%,-11.86%,12.93%,"-5,803,080,000","-5,803,080,000",,,,,,,,,
US30 (YM),"200,000","86,845","17,369,000,000","24,841","4,968,200,000","11,312","2,262,400,000","13,529","2,705,800,000",-2217,-2.55%,-8.92%,5.48%,"-443,400,000","-443,400,000",,,,,,,,,
,,,,,,,,,,,,,,,,,,,,,,,,
"Week of June 24, 2025 - COT Leveraged Funds >>> valid for trades from June 30, 2025",,,,,,,,,,,,,,,,,,,,,,,,
Currency,Contract Value,Open Interest TOTAL,Open Interest TOTAL USD,Open Interest LF,Open Interest LF USD,Long Positions,Long Value,Short Positions,Short Value,Net Positions,Net Percent,Net Percent LF,Net % LF Δ,Net Value (Base Currency),Net Value USD,,Currency Pairs - LF Strength Index,,,,,,,
USD,"98,420","31,225","3,073,164,500","21,836","2,149,099,120","10,723","1,055,357,660","11,113","1,093,741,460",-390,-1.25%,-1.79%,-12.18%,"-38,383,800","-38,383,800",,GBPNZD,GBPCAD,GBPAUD,EURNZD,EURCAD,GBPUSD,EURAUD,
EUR,"125,000","762,607","109,633,335,579","156,183","22,453,063,309","88,638","11,079,750,000","67,545","8,443,125,000","21,093",2.77%,13.51%,3.92%,"2,636,625,000","3,032,356,046",,60.10%,49.50%,43.00%,42.40%,31.90%,25.30%,25.30%,
GBP,"62,500","179,898","15,106,934,550","85,318","7,164,579,050","63,501","3,968,812,500","21,817","1,363,562,500","41,684",23.17%,48.86%,10.50%,"2,605,250,000","3,500,413,900",,USDCAD,GBPCHF,AUDNZD,GBPJPY,EURUSD,AUDCAD,EURCHF,
CAD,"100,000","201,194","14,643,704,096","63,189","4,599,148,176","15,736","1,573,600,000","47,453","4,745,300,000","-31,717",-15.76%,-50.19%,-1.28%,"-3,171,700,000","-2,308,490,128",,24.20%,19.40%,17.10%,11.70%,7.70%,6.50%,1.70%,
AUD,"100,000","151,032","9,736,579,944","60,081","3,873,241,827","18,889","1,888,900,000","41,192","4,119,200,000","-22,303",-14.77%,-37.12%,-7.19%,"-2,230,300,000","-1,437,807,501",,USDCHF,EURJPY,CHFJPY,NZDCAD,USDJPY,AUDUSD,EURGBP,
NZD,"100,000","44,217","2,636,261,757","16,787","1,000,857,727","2,403","240,300,000","14,384","1,438,400,000","-11,981",-27.10%,-71.37%,-9.61%,"-1,198,100,000","-714,319,201",,-5.90%,-6.00%,-7.70%,-10.60%,-13.60%,-17.70%,-17.70%,
CHF,"125,000","69,488","10,621,848,820","12,105","1,850,355,169","6,664","833,000,000","5,441","680,125,000","1,223",1.76%,10.10%,8.22%,"152,875,000","186,946,251",,AUDCHF,CADCHF,AUDJPY,NZDUSD,CADJPY,NZDCHF,NZDJPY,
JPY,"12,500,000","314,767","26,912,578,500","77,720","6,645,060,000","48,739","609,237,500,000","28,981","362,262,500,000","19,758",6.28%,25.42%,1.27%,"246,975,000,000","1,689,309,000",,-23.60%,-30.10%,-31.30%,-34.80%,-37.80%,-40.70%,-48.40%,
SP500 (E-MINI),"265,000","1,886,352","499,883,280,000","549,552","145,631,280,000","137,615","36,467,975,000","411,937","109,163,305,000",-274322,-14.54%,-49.92%,2.04%,"-72,695,330,000","-72,695,330,000",,,,,,,,,
NAS100 (NQ MINI),"370,000","253,330","93,732,100,000","129,120","47,774,400,000","48,555","17,965,350,000","80,565","29,809,050,000",-32010,-12.64%,-24.79%,3.95%,"-11,843,700,000","-11,843,700,000",,,,,,,,,
US30 (YM),"200,000","82,269","16,453,800,000","24,732","4,946,400,000","10,585","2,117,000,000","14,147","2,829,400,000",-3562,-4.33%,-14.40%,-23.34%,"-712,400,000","-712,400,000",,,,,,,,,
,,,,,,,,,,,,,,,,,,,,,,,,
"Week of June 17, 2025 - COT Leveraged Funds >>> valid for trades from June 23, 2025",,,,,,,,,,,,,,,,,,,,,,,,
Currency,Contract Value,Open Interest TOTAL,Open Interest TOTAL USD,Open Interest LF,Open Interest LF USD,Long Positions,Long Value,Short Positions,Short Value,Net Positions,Net Percent,Net Percent LF,Net % LF Δ,Net Value (Base Currency),Net Value USD,,Currency Pairs - LF Strength Index,,,,,,,
USD,"98,000","30,721","3,010,658,000","20,749","2,033,402,000","11,452","1,122,296,000","9,297","911,106,000","2,155",7.01%,10.39%,-40.21%,"211,190,000","211,190,000",,GBPNZD,GBPCAD,EURNZD,GBPAUD,USDCAD,EURCAD,EURAUD,
EUR,"125,000","755,861","109,190,735,234","160,809","23,230,267,129","88,119","11,014,875,000","72,690","9,086,250,000","15,429",2.04%,9.59%,2.00%,"1,928,625,000","2,228,854,054",,50.10%,43.60%,35.70%,34.10%,29.70%,29.30%,19.80%,
GBP,"62,500","177,026","14,999,634,262","93,450","7,918,135,312","64,649","4,040,562,500","28,801","1,800,062,500","35,848",20.25%,38.36%,-7.87%,"2,240,500,000","3,037,445,850",,GBPCHF,AUDNZD,GBPUSD,AUDCAD,GBPJPY,USDCHF,EURCHF,
CAD,"100,000","294,801","21,702,070,416","75,585","5,564,265,360","19,310","1,931,000,000","56,275","5,627,500,000","-36,965",-12.54%,-48.91%,5.51%,"-3,696,500,000","-2,721,215,440",,18.20%,15.90%,14.00%,9.50%,7.10%,4.30%,3.90%,
AUD,"100,000","147,471","9,585,615,000","51,122","3,322,930,000","17,911","1,791,100,000","33,211","3,321,100,000","-15,300",-10.37%,-29.93%,7.02%,"-1,530,000,000","-994,500,000",,EURUSD,NZDCAD,USDJPY,EURJPY,CHFJPY,EURGBP,AUDCHF,
NZD,"100,000","47,833","2,888,634,870","19,852","1,198,862,280","3,796","379,600,000","16,056","1,605,600,000","-12,260",-25.63%,-61.76%,-30.00%,"-1,226,000,000","-740,381,400",,-0.40%,-6.40%,-6.90%,-7.30%,-11.10%,-14.40%,-15.90%,
CHF,"125,000","67,383","10,370,243,700","9,662","1,486,981,800","4,922","615,250,000","4,740","592,500,000",182,0.27%,1.88%,-33.10%,"22,750,000","28,009,800",,AUDUSD,CADCHF,AUDJPY,NZDCHF,NZDUSD,CADJPY,NZDJPY,
JPY,"12,500,000","317,523","27,545,120,250","73,643","6,388,530,250","45,713","571,412,500,000","27,930","349,125,000,000","17,783",5.60%,24.15%,-5.80%,"222,287,500,000","1,542,675,250",,-20.20%,-25.40%,-27.00%,-31.80%,-36.10%,-36.50%,-43.00%,
SP500 (E-MINI),"265,000","2,450,146","649,288,690,000","625,302","165,705,030,000","150,208","39,805,120,000","475,094","125,899,910,000",-324886,-13.26%,-51.96%,-0.95%,"-86,094,790,000","-86,094,790,000",,,,,,,,,
NAS100 (NQ MINI),"370,000","311,779","115,358,230,000","155,804","57,647,480,000","55,516","20,540,920,000","100,288","37,106,560,000",-44772,-14.36%,-28.74%,-2.57%,"-16,565,640,000","-16,565,640,000",,,,,,,,,
US30 (YM),"200,000","100,802","20,160,400,000","29,276","5,855,200,000","15,946","3,189,200,000","13,330","2,666,000,000",2616,2.60%,8.94%,6.17%,"523,200,000","523,200,000",,,,,,,,,
,,,,,,,,,,,,,,,,,,,,,,,,
"Week of June 10, 2025 - COT Leveraged Funds >>> valid for trades from June 16, 2025",,,,,,,,,,,,,,,,,,,,,,,,
Currency,Contract Value,Open Interest TOTAL,Open Interest TOTAL USD,Open Interest LF,Open Interest LF USD,Long Positions,Long Value,Short Positions,Short Value,Net Positions,Net Percent,Net Percent LF,Net % LF Δ,Net Value (Base Currency),Net Value USD,,Currency Pairs - LF Strength Index,,,,,,,
USD,"98,940","30,659","3,033,401,460","25,672","2,539,987,680","19,331","1,912,609,140","6,341","627,378,540","12,990",42.37%,50.60%,10.64%,"1,285,230,600","1,285,230,600",,USDCAD,GBPCAD,GBPAUD,GBPNZD,EURCAD,EURAUD,EURNZD,
EUR,"125,000","810,517","115,577,697,907","157,746","22,494,185,235","84,861","10,607,625,000","72,885","9,110,625,000","11,976",1.48%,7.59%,8.86%,"1,497,000,000","1,707,747,660",,52.50%,50.30%,41.60%,39.00%,31.00%,22.30%,19.70%,
GBP,"62,500","213,940","18,102,265,675","89,842","7,601,868,528","65,686","4,105,375,000","24,156","1,509,750,000","41,530",19.41%,46.23%,9.34%,"2,595,625,000","3,514,009,038",,NZDCAD,USDJPY,AUDCAD,GBPJPY,USDCHF,GBPCHF,CHFJPY,
CAD,"100,000","288,477","21,071,225,511","72,952","5,328,632,936","16,625","1,662,500,000","56,327","5,632,700,000","-39,702",-13.76%,-54.42%,5.91%,"-3,970,200,000","-2,899,953,186",,11.30%,10.30%,8.70%,8.10%,7.80%,5.60%,2.50%,
AUD,"100,000","224,272","14,578,128,544","60,369","3,924,105,738","19,030","1,903,000,000","41,339","4,133,900,000","-22,309",-9.95%,-36.95%,-0.94%,"-2,230,900,000","-1,450,129,618",,GBPUSD,AUDNZD,EURJPY,EURCHF,EURGBP,EURUSD,NZDJPY,
NZD,"100,000","78,867","4,751,105,814","22,542","1,357,975,164","7,691","769,100,000","14,851","1,485,100,000","-7,160",-9.08%,-31.76%,3.96%,"-716,000,000","-431,332,720",,-2.20%,-2.60%,-11.20%,-13.70%,-19.30%,-21.50%,-30.90%,
CHF,"125,000","86,928","13,230,876,240","12,832","1,953,094,560","8,660","1,082,500,000","4,172","521,500,000","4,488",5.16%,34.98%,47.12%,"561,000,000","683,096,040",,AUDJPY,NZDCHF,AUDCHF,NZDUSD,CADJPY,AUDUSD,CADCHF,
JPY,"12,500,000","388,263","33,536,216,625","68,843","5,946,314,125","44,731","559,137,500,000","24,112","301,400,000,000","20,619",5.31%,29.95%,-5.95%,"257,737,500,000","1,780,966,125",,-33.40%,-33.40%,-36.00%,-41.20%,-42.20%,-43.80%,-44.70%,
SP500 (E-MINI),"265,000","2,223,909","589,335,885,000","616,027","163,247,155,000","150,882","39,983,730,000","465,145","123,263,425,000",-314263,-14.13%,-51.01%,-4.04%,"-83,279,695,000","-83,279,695,000",,,,,,,,,
NAS100 (NQ MINI),"370,000","276,888","102,448,560,000","156,319","57,838,030,000","57,702","21,349,740,000","98,617","36,488,290,000",-40915,-14.78%,-26.17%,4.83%,"-15,138,550,000","-15,138,550,000",,,,,,,,,
US30 (YM),"200,000","85,743","17,148,600,000","29,860","5,972,000,000","15,344","3,068,800,000","14,516","2,903,200,000",828,0.97%,2.77%,-3.14%,"165,600,000","165,600,000",,,,,,,,,
,,,,,,,,,,,,,,,,,,,,,,,,
"Week of June 3, 2025 - COT Leveraged Funds >>> valid for trades from June 9, 2025",,,,,,,,,,,,,,,,,,,,,,,,
Currency,Contract Value,Open Interest TOTAL,Open Interest TOTAL USD,Open Interest LF,Open Interest LF USD,Long Positions,Long Value,Short Positions,Short Value,Net Positions,Net Percent,Net Percent LF,Net % LF Δ,Net Value (Base Currency),Net Value USD,,Currency Pairs - LF Strength Index,,,,,,,
USD,"98,700","28,007","2,764,290,900","24,422","2,410,451,400","17,090","1,686,783,000","7,332","723,668,400","9,758",34.84%,39.96%,-6.62%,"963,114,600","963,114,600",,USDCAD,GBPCAD,GBPAUD,GBPNZD,EURCAD,USDCHF,GBPCHF,
EUR,"125,000","781,284","110,876,895,465","150,137","21,306,880,026","74,113","9,264,125,000","76,024","9,503,000,000","-1,911",-0.24%,-1.27%,-0.68%,"-238,875,000","-271,201,954",,50.10%,48.60%,36.50%,36.30%,29.50%,26.10%,24.50%,
GBP,"62,500","233,601","19,662,342,171","106,797","8,989,170,238","73,098","4,568,625,000","33,699","2,106,187,500","39,399",16.87%,36.89%,-0.09%,"2,462,437,500","3,316,238,454",,EURAUD,EURNZD,NZDCAD,AUDCAD,EURCHF,USDJPY,GBPJPY,
CAD,"100,000","270,041","19,673,296,973","78,401","5,711,748,053","15,552","1,555,200,000","62,849","6,284,900,000","-47,297",-17.51%,-60.33%,-2.52%,"-4,729,700,000","-3,445,728,341",,17.40%,17.20%,12.30%,12.20%,5.40%,2.00%,0.50%,
AUD,"100,000","202,595","13,053,601,040","53,191","3,427,202,512","17,018","1,701,800,000","36,173","3,617,300,000","-19,155",-9.45%,-36.01%,-5.49%,"-1,915,500,000","-1,234,194,960",,AUDNZD,GBPUSD,NZDCHF,AUDCHF,EURJPY,EURGBP,EURUSD,
NZD,"100,000","67,925","4,057,228,175","23,054","1,377,038,474","7,410","741,000,000","15,644","1,564,400,000","-8,234",-12.12%,-35.72%,-2.13%,"-823,400,000","-491,825,054",,-0.10%,-1.50%,-11.80%,-11.90%,-18.60%,-19.10%,-20.60%,
CHF,"125,000","81,322","12,362,468,788","13,332","2,026,713,975","5,857","732,125,000","7,475","934,375,000","-1,618",-1.99%,-12.14%,12.81%,"-202,250,000","-245,966,337",,CHFJPY,CADCHF,NZDJPY,AUDJPY,NZDUSD,AUDUSD,CADJPY,
JPY,"12,500,000","366,008","31,796,945,000","72,844","6,328,322,500","49,497","618,712,500,000","23,347","291,837,500,000","26,150",7.14%,35.90%,3.55%,"326,875,000,000","2,271,781,250",,-24.00%,-24.10%,-35.80%,-36.00%,-37.80%,-38.00%,-48.10%,
SP500 (E-MINI),"265,000","2,123,862","562,823,430,000","608,992","161,382,880,000","161,462","42,787,430,000","447,530","118,595,450,000",-286068,-13.47%,-46.97%,-3.36%,"-75,808,020,000","-75,808,020,000",,,,,,,,,
NAS100 (NQ MINI),"370,000","277,034","102,502,580,000","161,888","59,898,560,000","55,854","20,665,980,000","106,034","39,232,580,000",-50180,-18.11%,-31%,-2.26%,"-18,566,600,000","-18,566,600,000",,,,,,,,,
US30 (YM),"200,000","82,788","16,557,600,000","28,010","5,602,000,000","14,833","2,966,600,000","13,177","2,635,400,000",1656,2%,5.91%,10.54%,"331,200,000","331,200,000",,,,,,,,,
,,,,,,,,,,,,,,,,,,,,,,,,
"Week of May 27, 2025 - COT Leveraged Funds >>> valid for trades from June 2, 2025",,,,,,,,,,,,,,,,,,,,,,,,
Currency,Contract Value,Open Interest TOTAL,Open Interest TOTAL USD,Open Interest LF,Open Interest LF USD,Long Positions,Long Value,Short Positions,Short Value,Net Positions,Net Percent,Net Percent LF,Net % LF Δ,Net Value (Base Currency),Net Value USD,,Currency Pairs - LF Strength Index,,,,,,,
USD,"98,930","30,979","3,064,752,470","27,289","2,699,700,770","20,000","1,978,600,000","7,289","721,100,770","12,711",41.03%,46.58%,5.63%,"1,257,499,230","1,257,499,230",,USDCAD,GBPCAD,USDCHF,GBPNZD,GBPAUD,GBPCHF,EURCAD,
EUR,"125,000","760,471","108,108,557,360","154,016","21,894,914,560","76,556","9,569,500,000","77,460","9,682,500,000",-904,-0.12%,-0.59%,-4.90%,"-113,000,000","-128,512,640",,52.20%,47.40%,35.80%,35.30%,33.80%,31.00%,28.60%,
GBP,"62,500","202,990","17,172,700,263","104,736","8,860,534,680","71,735","4,483,437,500","33,001","2,062,562,500","38,734",19.08%,36.98%,3.93%,"2,420,875,000","3,276,847,983",,EURNZD,EURAUD,AUDCAD,EURCHF,NZDCAD,USDJPY,GBPJPY,
CAD,"100,000","263,232","19,161,973,440","79,061","5,755,245,495","16,678","1,667,800,000","62,383","6,238,300,000","-45,705",-17.36%,-57.81%,-7.23%,"-4,570,500,000","-3,327,095,475",,16.50%,15.00%,13.60%,12.20%,12.10%,7.10%,2.30%,
AUD,"100,000","179,292","11,656,131,504","52,278","3,398,697,336","18,161","1,816,100,000","34,117","3,411,700,000","-15,956",-8.90%,-30.52%,-16.44%,"-1,595,600,000","-1,037,331,472",,AUDNZD,AUDCHF,NZDCHF,GBPUSD,CADCHF,EURJPY,EURGBP,
NZD,"100,000","59,262","3,550,801,254","20,835","1,248,370,695","6,918","691,800,000","13,917","1,391,700,000","-6,999",-11.81%,-33.59%,-0.38%,"-699,900,000","-419,359,083",,1.50%,-2.80%,-4.30%,-4.80%,-16.40%,-16.50%,-18.80%,
CHF,"125,000","73,781","11,214,158,643","11,898","1,808,406,765","4,465","558,125,000","7,433","929,125,000","-2,968",-4.02%,-24.95%,-2.81%,"-371,000,000","-451,113,740",,EURUSD,CHFJPY,AUDJPY,NZDJPY,AUDUSD,NZDUSD,CADJPY,
JPY,"12,500,000","377,011","32,988,462,500","74,417","6,511,487,500","49,246","615,575,000,000","25,171","314,637,500,000","24,075",6.39%,32.35%,-20.15%,"300,937,500,000","2,106,562,500",,-23.60%,-28.60%,-31.40%,-33.00%,-38.50%,-40.10%,-45.10%,
SP500 (E-MINI),"265,000","2,112,166","559,723,990,000","592,811","157,094,915,000","167,130","44,289,450,000","425,681","112,805,465,000",-258551,-12.24%,-43.61%,6.20%,"-68,516,015,000","-68,516,015,000",,,,,,,,,
NAS100 (NQ MINI),"370,000","275,143","101,802,910,000","166,184","61,488,080,000","59,208","21,906,960,000","106,976","39,581,120,000",-47768,-17.36%,-28.74%,1.92%,"-17,674,160,000","-17,674,160,000",,,,,,,,,
US30 (YM),"200,000","80,388","16,077,600,000","26,828","5,365,600,000","12,793","2,558,600,000","14,035","2,807,000,000",-1242,-1.55%,-4.63%,12.43%,"-248,400,000","-248,400,000",,,,,,,,,
,,,,,,,,,,,,,,,,,,,,,,,,
"Week of May 20, 2025 - COT Leveraged Funds >>> valid for trades from May 26, 2025",,,,,,,,,,,,,,,,,,,,,,,,
Currency,Contract Value,Open Interest TOTAL,Open Interest TOTAL USD,Open Interest LF,Open Interest LF USD,Long Positions,Long Value,Short Positions,Short Value,Net Positions,Net Percent,Net Percent LF,Net % LF Δ,Net Value (Base Currency),Net Value USD,,Currency Pairs - LF Strength Index,,,,,,,
USD (DXY),"104,500","30,189","3,154,750,500","25,058","2,618,561,000","17,660","1,845,470,000","7,398","773,091,000","10,262",33.99%,40.95%,1.51%,"1,072,379,000","1,072,379,000",,USDCAD,GBPCAD,GBPNZD,USDCHF,GBPCHF,EURCAD,GBPAUD,
EUR,"125,000","759,249","102,498,615,000","160,815","21,710,025,000","83,874","10,484,250,000","76,941","9,617,625,000","6,933",0.91%,4.31%,-8.90%,"866,625,000","935,955,000",,45.80%,41.80%,33.10%,31.50%,27.60%,27.40%,23.60%,
GBP,"62,500","195,326","15,504,001,250","97,402","7,731,283,750","64,799","4,049,937,500","32,603","2,037,687,500","32,196",16.48%,33.05%,0.08%,"2,012,250,000","2,555,557,500",,EURNZD,AUDCAD,EURCHF,AUDNZD,EURAUD,NZDCAD,AUDCHF,
CAD,"100,000","266,748","19,472,604,000","79,506","5,803,938,000","19,646","1,964,600,000","59,860","5,986,000,000","-40,214",-15.08%,-50.58%,-5.02%,"-4,021,400,000","-2,935,622,000",,18.80%,18.30%,13.20%,9.60%,9.20%,8.70%,4.00%,
AUD,"100,000","177,853","11,560,445,000","47,484","3,086,460,000","20,400","2,040,000,000","27,084","2,708,400,000","-6,684",-3.76%,-14.08%,-2.25%,"-668,400,000","-434,460,000",,GBPUSD,NZDCHF,USDJPY,GBPJPY,CADCHF,EURGBP,EURUSD,
NZD,"100,000","61,056","3,663,360,000","23,689","1,421,340,000","7,911","791,100,000","15,778","1,577,800,000","-7,867",-12.88%,-33.21%,-17.91%,"-786,700,000","-472,020,000",,-4.00%,-5.50%,-5.80%,-9.70%,-14.20%,-14.40%,-18.30%,
CHF,"125,000","73,133","10,238,620,000","13,668","1,913,520,000","5,321","665,125,000","8,347","1,043,375,000","-3,026",-4.14%,-22.14%,6.62%,"-378,250,000","-423,640,000",,EURJPY,AUDUSD,AUDJPY,NZDUSD,CHFJPY,NZDJPY,CADJPY,
JPY,"12,500,000","366,865","30,724,943,750","73,333","6,141,638,750","55,915","698,937,500,000","17,418","217,725,000,000","38,497",10.49%,52.50%,5.77%,"481,212,500,000","3,224,123,750",,-24.10%,-27.50%,-33.30%,-37.10%,-37.30%,-42.90%,-51.50%,
SP500 (E-MINI),"265,000","2,113,668","560,122,020,000","599,424","158,847,360,000","150,431","39,864,215,000","448,993","118,983,145,000","-298,562",-14.13%,-49.81%,-2.32%,"-79,118,930,000","-79,118,930,000",,,,,,,,,
NAS100 (NQ MINI),"370,000","279,368","103,366,160,000","171,885","63,597,450,000","59,596","22,050,520,000","112,289","41,546,930,000","-52,693",-18.86%,-30.66%,-0.84%,"-19,496,410,000","-19,496,410,000",,,,,,,,,
US30 (YM),"200,000","78,995","15,799,000,000","26,083","5,216,600,000","10,816","2,163,200,000","15,267","3,053,400,000","-4,451",-5.63%,-17.06%,2.19%,"-890,200,000","-890,200,000",,,,,,,,,
,,,,,,,,,,,,,,,,,,,,,,,,
"Week of May 13, 2025 - COT Leveraged Funds >>> valid for trades from May 19, 2025",,,,,,,,,,,,,,,,,,,,,,,,
Currency,Contract Value,Open Interest TOTAL,Open Interest TOTAL USD,Open Interest LF,Open Interest LF USD,Long Positions,Long Value,Short Positions,Short Value,Net Positions,Net Percent,Net Percent LF,Net % LF Δ,Net Value (Base Currency),Net Value USD,,Currency Pairs - LF Strength Index,,,,,,,
USD (DXY),"104,500","27,982","2,924,119,000","21,005","2,195,022,500","14,645","1,530,402,500","6,360","664,620,000","8,285",29.61%,39.44%,6.58%,"865,782,500","865,782,500",,USDCAD,GBPCAD,USDCHF,GBPCHF,EURCAD,GBPNZD,GBPAUD,
EUR,"125,000","750,906","101,372,310,000","152,527","20,591,145,000","86,340","10,792,500,000","66,187","8,273,375,000","20,153",2.68%,13.21%,9.12%,"2,519,125,000","2,720,655,000",,42.50%,39.30%,34.10%,30.90%,29.40%,24.10%,22.40%,
GBP,"62,500","194,861","15,467,091,875","98,228","7,796,847,500","65,307","4,081,687,500","32,921","2,057,562,500","32,386",16.62%,32.97%,3.02%,"2,024,125,000","2,570,638,750",,EURCHF,AUDCAD,NZDCAD,EURNZD,EURAUD,AUDCHF,NZDCHF,
CAD,"100,000","262,803","19,184,619,000","77,572","5,662,756,000","21,114","2,111,400,000","56,458","5,645,800,000","-35,344",-13.45%,-45.56%,10.05%,"-3,534,400,000","-2,580,112,000",,21.00%,16.90%,15.10%,14.30%,12.50%,8.50%,6.70%,
AUD,"100,000","180,460","11,729,900,000","53,848","3,500,120,000","23,738","2,373,800,000","30,110","3,011,000,000","-6,372",-3.53%,-11.83%,15.81%,"-637,200,000","-414,180,000",,AUDNZD,GBPUSD,USDJPY,GBPJPY,CADCHF,EURGBP,EURUSD,
NZD,"100,000","60,757","3,645,420,000","23,080","1,384,800,000","9,774","977,400,000","13,306","1,330,600,000","-3,532",-5.81%,-15.30%,10.11%,"-353,200,000","-211,920,000",,1.70%,-3.20%,-3.60%,-6.90%,-8.40%,-9.90%,-13.10%,
CHF,"125,000","73,088","10,232,320,000","15,317","2,144,380,000","5,456","682,000,000","9,861","1,232,625,000","-4,405",-6.03%,-28.76%,13.02%,"-550,625,000","-616,700,000",,EURJPY,AUDUSD,NZDUSD,AUDJPY,NZDJPY,CHFJPY,CADJPY,
JPY,"12,500,000","359,521","30,109,883,750","74,987","6,280,161,250","55,015","687,687,500,000","19,972","249,650,000,000","35,043",9.75%,46.73%,17.41%,"438,037,500,000","2,934,851,250",,-16.80%,-25.60%,-27.40%,-29.30%,-31.00%,-37.70%,-46.10%,
SP500 (E-MINI),"265,000","2,125,890","563,360,850,000","607,817","161,071,505,000","159,581","42,288,965,000","448,236","118,782,540,000","-288,655",-13.58%,-47.49%,-2.51%,"-76,493,575,000","-76,493,575,000",,,,,,,,,
NAS100 (NQ MINI),"370,000","283,667","104,956,790,000","181,041","66,985,170,000","63,527","23,504,990,000","117,514","43,480,180,000","-53,987",-19.03%,-29.82%,-6.02%,"-19,975,190,000","-19,975,190,000",,,,,,,,,
US30 (YM),"200,000","77,515","15,503,000,000","22,692","4,538,400,000","9,162","1,832,400,000","13,530","2,706,000,000","-4,368",-5.64%,-19.25%,-4.36%,"-873,600,000","-873,600,000",,,,,,,,,
,,,,,,,,,,,,,,,,,,,,,,,,
"Week of May 6, 2025 - COT Leveraged Funds >>> valid for trades from May 12, 2025",,,,,,,,,,,,,,,,,,,,,,,,
Currency,Contract Value,Open Interest TOTAL,Open Interest TOTAL USD,Open Interest LF,Open Interest LF USD,Long Positions,Long Value,Short Positions,Short Value,Net Positions,Net Percent,Net Percent LF,Net % LF Δ,Net Value (Base Currency),Net Value USD,,Currency Pairs - LF Strength Index,,,,,,,
USD (DXY),"104,500","35,412","3,700,554,000","36,312","3,794,604,000","24,122","2,520,749,000","12,190","1,273,855,000","11,932",33.69%,32.86%,-0.65%,"1,246,894,000","1,246,894,000",,USDCAD,GBPCAD,USDCHF,GBPCHF,EURCAD,GBPAUD,GBPNZD,
EUR,"125,000","737,013","99,496,755,000","140,425","18,957,375,000","73,085","9,135,625,000","67,340","8,417,500,000","5,745",0.78%,4.09%,-8.06%,"718,125,000","775,575,000",,44.20%,42.80%,37.30%,35.90%,29.90%,28.80%,27.70%,
GBP,"62,500","200,214","15,891,986,250","101,927","8,090,455,625","66,229","4,139,312,500","35,698","2,231,125,000","30,531",15.25%,29.95%,1.84%,"1,908,187,500","2,423,398,125",,EURCHF,EURAUD,NZDCAD,EURNZD,AUDCAD,NZDCHF,AUDCHF,
CAD,"100,000","255,101","18,622,373,000","57,805","4,219,765,000","12,831","1,283,100,000","44,974","4,497,400,000","-32,143",-12.60%,-55.61%,2.81%,"-3,214,300,000","-2,346,439,000",,22.90%,15.90%,15.10%,14.80%,14.00%,8.20%,7.10%,
AUD,"100,000","183,057","11,898,705,000","57,351","3,727,815,000","20,750","2,075,000,000","36,601","3,660,100,000","-15,851",-8.66%,-27.64%,2.41%,"-1,585,100,000","-1,030,315,000",,USDJPY,GBPJPY,AUDNZD,GBPUSD,CADCHF,EURJPY,EURGBP,
NZD,"100,000","60,509","3,630,540,000","21,440","1,286,400,000","7,996","799,600,000","13,444","1,344,400,000","-5,448",-9%,-25.41%,2.18%,"-544,800,000","-326,880,000",,1.80%,0.30%,-1.10%,-1.50%,-6.90%,-12.60%,-12.90%,
CHF,"125,000","70,578","9,880,920,000","13,693","1,917,020,000","3,986","498,250,000","9,707","1,213,375,000","-5,721",-8.11%,-41.78%,10.23%,"-715,125,000","-800,940,000",,EURUSD,NZDJPY,AUDJPY,NZDUSD,AUDUSD,CHFJPY,CADJPY,
JPY,"12,500,000","375,546","31,451,977,500","84,066","7,040,527,500","54,358","679,475,000,000","29,708","371,350,000,000","24,650",6.56%,29.32%,5.07%,"308,125,000,000","2,064,437,500",,-14.40%,-27.40%,-28.50%,-29.10%,-30.20%,-35.50%,-42.50%,
SP500 (E-MINI),"265,000","2,133,652","565,417,780,000","572,373","151,678,845,000","157,467","41,728,755,000","414,906","109,950,090,000","-257,439",-12.07%,-44.98%,0.46%,"-68,221,335,000","-68,221,335,000",,,,,,,,,
NAS100 (NQ MINI),"370,000","258,249","95,552,130,000","154,060","57,002,200,000","58,695","21,717,150,000","95,365","35,285,050,000","-36,670",-14.20%,-23.80%,-3.36%,"-13,567,900,000","-13,567,900,000",,,,,,,,,
US30 (YM),"200,000","76,175","15,235,000,000","19,957","3,991,400,000","8,493","1,698,600,000","11,464","2,292,800,000","-2,971",-3.90%,-14.89%,-10.23%,"-594,200,000","-594,200,000",,,,,,,,,
,,,,,,,,,,,,,,,,,,,,,,,,
"Week of April 29, 2025 - COT Leveraged Funds >>> valid for trades from May 5, 2025",,,,,,,,,,,,,,,,,,,,,,,,
Currency,Contract Value,Open Interest TOTAL,Open Interest TOTAL USD,Open Interest LF,Open Interest LF USD,Long Positions,Long Value,Short Positions,Short Value,Net Positions,Net Percent,Net Percent LF,Net % LF Δ,Net Value (Base Currency),Net Value USD,,Currency Pairs - LF Strength Index,,,,,,,
USD (DXY),"104,500","32,830","3,430,735,000","31,724","3,315,158,000","21,178","2,213,101,000","10,546","1,102,057,000","10,632",32.39%,33.51%,4.21%,"1,111,044,000","1,111,044,000",,USDCAD,GBPCAD,USDCHF,GBPCHF,EURCAD,EURCHF,GBPAUD,
EUR,"125,000","730,212","98,578,620,000","142,471","19,233,585,000","79,893","9,986,625,000","62,578","7,822,250,000","17,315",2.37%,12.15%,2.20%,"2,164,375,000","2,337,525,000",,46.00%,43.30%,42.80%,40.10%,35.30%,32.10%,29.10%,
GBP,"62,500","192,312","15,264,765,000","97,994","7,778,273,750","62,771","3,923,187,500","35,223","2,201,437,500","27,548",14.32%,28.11%,-0.18%,"1,721,750,000","2,186,622,500",,GBPNZD,EURAUD,EURNZD,NZDCAD,AUDCAD,NZDCHF,AUDCHF,
CAD,"100,000","249,257","18,195,761,000","55,142","4,025,366,000","11,464","1,146,400,000","43,678","4,367,800,000","-32,214",-12.92%,-58.42%,4.66%,"-3,221,400,000","-2,351,622,000",,27.90%,21.10%,19.90%,15.40%,14.20%,12.20%,11.00%,
AUD,"100,000","184,804","12,012,260,000","58,476","3,800,940,000","20,451","2,045,100,000","38,025","3,802,500,000","-17,574",-9.51%,-30.05%,4.46%,"-1,757,400,000","-1,142,310,000",,USDJPY,GBPJPY,AUDNZD,GBPUSD,CADCHF,EURJPY,EURGBP,
NZD,"100,000","63,075","3,784,500,000","26,049","1,562,940,000","9,431","943,100,000","16,618","1,661,800,000","-7,187",-11.39%,-27.59%,-0.97%,"-718,700,000","-431,220,000",,4.60%,1.90%,-1.20%,-2.70%,-3.20%,-6.00%,-8.00%,
CHF,"125,000","71,949","10,072,860,000","15,156","2,121,840,000","3,637","454,625,000","11,519","1,439,875,000","-7,882",-10.95%,-52.01%,8%,"-985,250,000","-1,103,480,000",,EURUSD,NZDJPY,AUDJPY,NZDUSD,AUDUSD,CHFJPY,CADJPY,
JPY,"12,500,000","366,246","30,673,102,500","80,865","6,772,443,750","50,238","627,975,000,000","30,627","382,837,500,000","19,611",5.35%,24.25%,0.59%,"245,137,500,000","1,642,421,250",,-10.70%,-25.90%,-27.10%,-30.50%,-31.80%,-38.10%,-41.30%,
SP500 (E-MINI),"265,000","2,134,084","565,532,260,000","549,897","145,722,705,000","150,010","39,752,650,000","399,887","105,970,055,000","-249,877",-11.71%,-45.44%,-2.69%,"-66,217,405,000","-66,217,405,000",,,,,,,,,
NAS100 (NQ MINI),"370,000","246,874","91,343,380,000","128,958","47,714,460,000","51,301","18,981,370,000","77,657","28,733,090,000","-26,356",-10.68%,-20.44%,-20.14%,"-9,751,720,000","-9,751,720,000",,,,,,,,,
US30 (YM),"200,000","78,341","15,668,200,000","20,130","4,026,000,000","9,596","1,919,200,000","10,534","2,106,800,000",-938,-1.20%,-4.66%,-4.87%,"-187,600,000","-187,600,000",,,,,,,,,
,,,,,,,,,,,,,,,,,,,,,,,,
"Week of April 22, 2025 - COT Leveraged Funds >>> valid for trades from April 28, 2025",,,,,,,,,,,,,,,,,,,,,,,,
Currency,Contract Value,Open Interest TOTAL,Open Interest TOTAL USD,Open Interest LF,Open Interest LF USD,Long Positions,Long Value,Short Positions,Short Value,Net Positions,Net Percent,Net Percent LF,Net % LF Δ,Net Value (Base Currency),Net Value USD,,Currency Pairs - LF Strength Index,,,,,,,
USD (DXY),"104,500","32,880","3,435,960,000","32,331","3,378,589,500","20,902","2,184,259,000","11,429","1,194,330,500","9,473",28.81%,29.30%,-4.26%,"989,928,500","989,928,500",,USDCAD,GBPCAD,USDCHF,GBPCHF,EURCAD,EURCHF,GBPAUD,
EUR,"125,000","719,232","97,096,320,000","147,828","19,956,780,000","81,269","10,158,625,000","66,559","8,319,875,000","14,710",2.05%,9.95%,-5.66%,"1,838,750,000","1,985,850,000",,46.20%,45.70%,44.70%,44.20%,36.50%,35.00%,31.40%,
GBP,"62,500","179,555","14,252,178,125","105,209","8,350,964,375","67,488","4,218,000,000","37,721","2,357,562,500","29,767",16.58%,28.29%,-3.59%,"1,860,437,500","2,362,755,625",,GBPNZD,EURAUD,EURNZD,NZDCAD,NZDCHF,AUDCAD,AUDCHF,
CAD,"100,000","249,643","18,223,939,000","62,017","4,527,241,000","11,449","1,144,900,000","50,568","5,056,800,000","-39,119",-15.67%,-63.08%,4.34%,"-3,911,900,000","-2,855,687,000",,27.50%,22.20%,18.30%,18.20%,16.70%,14.30%,12.80%,
AUD,"100,000","190,798","12,401,870,000","65,617","4,265,105,000","21,486","2,148,600,000","44,131","4,413,100,000","-22,645",-11.87%,-34.51%,14.61%,"-2,264,500,000","-1,471,925,000",,USDJPY,GBPJPY,GBPUSD,CADCHF,AUDNZD,EURJPY,EURGBP,
NZD,"100,000","62,689","3,761,340,000","23,667","1,420,020,000","8,684","868,400,000","14,983","1,498,300,000","-6,299",-10.05%,-26.62%,11.98%,"-629,900,000","-377,940,000",,2.80%,2.30%,-0.50%,-1.50%,-3.90%,-6.90%,-9.20%,
CHF,"125,000","72,891","10,204,740,000","15,160","2,122,400,000","3,031","378,875,000","12,129","1,516,125,000","-9,098",-12.48%,-60.01%,12.23%,"-1,137,250,000","-1,273,720,000",,EURUSD,NZDJPY,NZDUSD,AUDJPY,AUDUSD,CHFJPY,CADJPY,
JPY,"12,500,000","351,226","29,415,177,500","82,161","6,880,983,750","50,802","635,025,000,000","31,359","391,987,500,000","19,443",5.54%,23.66%,2.15%,"243,037,500,000","1,628,351,250",,-9.70%,-25.10%,-28.00%,-29.10%,-31.90%,-41.80%,-43.40%,
SP500 (E-MINI),"265,000","2,209,656","585,558,840,000","589,031","156,093,215,000","168,599","44,678,735,000","420,432","111,414,480,000","-251,833",-11.40%,-42.75%,-0.72%,"-66,735,745,000","-66,735,745,000",,,,,,,,,
NAS100 (NQ MINI),"370,000","242,084","89,571,080,000","111,126","41,116,620,000","55,399","20,497,630,000","55,727","20,618,990,000",-328,-0.14%,-0.30%,11.46%,"-121,360,000","-121,360,000",,,,,,,,,
US30 (YM),"200,000","78,992","15,798,400,000","18,185","3,637,000,000","9,112","1,822,400,000","9,073","1,814,600,000",39,0.05%,0.21%,9.30%,"7,800,000","7,800,000",,,,,,,,,
,,,,,,,,,,,,,,,,,,,,,,,,
"Week of April 15, 2025 - COT Leveraged Funds >>> valid for trades from April 21, 2025",,,,,,,,,,,,,,,,,,,,,,,,
Currency,Contract Value,Open Interest TOTAL,Open Interest TOTAL USD,Open Interest LF,Open Interest LF USD,Long Positions,Long Value,Short Positions,Short Value,Net Positions,Net Percent,Net Percent LF,Net % LF Δ,Net Value (Base Currency),Net Value USD,,Currency Pairs - LF Strength Index,,,,,,,
USD (DXY),"104,500","27,224","2,844,908,000","24,171","2,525,869,500","16,141","1,686,734,500","8,030","839,135,000","8,111",29.79%,33.56%,15.65%,"847,599,500","847,599,500",,USDCHF,GBPCHF,USDCAD,GBPCAD,EURCHF,EURCAD,GBPAUD,
EUR,"125,000","708,122","95,596,470,000","139,702","18,859,770,000","80,754","10,094,250,000","58,948","7,368,500,000","21,806",3.08%,15.61%,-8.25%,"2,725,750,000","2,943,810,000",,52.90%,52.10%,50.50%,49.70%,43.90%,41.50%,40.50%,
GBP,"62,500","177,006","14,049,851,250","106,828","8,479,472,500","70,443","4,402,687,500","36,385","2,274,062,500","34,058",19.24%,31.88%,-12.22%,"2,128,625,000","2,703,353,750",,GBPNZD,EURAUD,EURNZD,NZDCHF,NZDCAD,AUDCHF,AUDCAD,
CAD,"100,000","249,484","18,212,332,000","76,009","5,548,657,000","12,380","1,238,000,000","63,629","6,362,900,000","-51,249",-20.54%,-67.42%,9.64%,"-5,124,900,000","-3,741,177,000",,35.20%,32.40%,27.10%,16.80%,14.40%,11.60%,9.20%,
AUD,"100,000","178,747","11,618,555,000","49,504","3,217,760,000","12,595","1,259,500,000","36,909","3,690,900,000","-24,314",-13.60%,-49.12%,-3.38%,"-2,431,400,000","-1,580,410,000",,USDJPY,GBPJPY,CADCHF,GBPUSD,EURJPY,AUDNZD,EURGBP,
NZD,"100,000","66,702","4,002,120,000","24,508","1,470,480,000","7,524","752,400,000","16,984","1,698,400,000","-9,460",-14.18%,-38.60%,-0.45%,"-946,000,000","-567,600,000",,6.00%,5.20%,2.40%,-0.80%,-3.00%,-5.30%,-8.10%,
CHF,"125,000","73,479","10,287,060,000","19,208","2,689,120,000","2,666","333,250,000","16,542","2,067,750,000","-13,876",-18.88%,-72.24%,7.65%,"-1,734,500,000","-1,942,640,000",,EURUSD,NZDJPY,AUDJPY,NZDUSD,AUDUSD,CADJPY,CHFJPY,
JPY,"12,500,000","338,849","28,378,603,750","84,144","7,047,060,000","51,122","639,025,000,000","33,022","412,775,000,000","18,100",5.34%,21.51%,-0.95%,"226,250,000,000","1,515,875,000",,-9.00%,-30.10%,-35.30%,-36.10%,-41.30%,-44.50%,-46.90%,
SP500 (E-MINI),"265,000","2,181,908","578,205,620,000","550,773","145,954,845,000","159,652","42,307,780,000","391,121","103,647,065,000","-231,469",-10.61%,-42.03%,-3.89%,"-61,339,285,000","-61,339,285,000",,,,,,,,,
NAS100 (NQ MINI),"370,000","235,406","87,100,220,000","113,877","42,134,490,000","50,242","18,589,540,000","63,635","23,544,950,000","-13,393",-5.69%,-11.76%,-16.08%,"-4,955,410,000","-4,955,410,000",,,,,,,,,
US30 (YM),"200,000","73,931","14,786,200,000","20,525","4,105,000,000","9,330","1,866,000,000","11,195","2,239,000,000","-1,865",-2.52%,-9.09%,-21.15%,"-373,000,000","-373,000,000",,,,,,,,,
,,,,,,,,,,,,,,,,,,,,,,,,
"Week of April 8, 2025 - COT Leveraged Funds >>> valid for trades from April 14, 2025",,,,,,,,,,,,,,,,,,,,,,,,
Currency,Contract Value,Open Interest TOTAL,Open Interest TOTAL USD,Open Interest LF,Open Interest LF USD,Long Positions,Long Value,Short Positions,Short Value,Net Positions,Net Percent,Net Percent LF,Net % LF Δ,Net Value (Base Currency),Net Value USD,,Currency Pairs - LF Strength Index,,,,,,,
USD (DXY),"104,500","22,770","2,379,465,000","19,728","2,061,576,000","11,631","1,215,439,500","8,097","846,136,500","3,534",15.52%,17.91%,11%,"369,303,000","369,303,000",,GBPCHF,GBPCAD,EURCHF,EURCAD,USDCHF,USDCAD,GBPAUD,
EUR,"125,000","697,776","94,199,760,000","138,632","18,715,320,000","85,855","10,731,875,000","52,777","6,597,125,000","33,078",4.74%,23.86%,1.90%,"4,134,750,000","4,465,530,000",,62.00%,60.60%,51.90%,50.50%,48.90%,47.50%,44.90%,
GBP,"62,500","176,910","14,042,231,250","100,702","7,993,221,250","72,555","4,534,687,500","28,147","1,759,187,500","44,408",25.10%,44.10%,-1.98%,"2,775,500,000","3,524,885,000",,GBPNZD,EURAUD,EURNZD,NZDCHF,NZDCAD,AUDCHF,AUDCAD,
CAD,"100,000","258,263","18,853,199,000","81,542","5,952,566,000","9,354","935,400,000","72,188","7,218,800,000","-62,834",-24.33%,-77.06%,-20.69%,"-6,283,400,000","-4,586,882,000",,41.10%,34.80%,31.00%,20.90%,19.50%,17.10%,15.70%,
AUD,"100,000","194,476","12,640,940,000","64,369","4,183,985,000","17,464","1,746,400,000","46,905","4,690,500,000","-29,441",-15.14%,-45.74%,3.99%,"-2,944,100,000","-1,913,665,000",,GBPUSD,GBPJPY,EURUSD,CADCHF,EURJPY,USDJPY,AUDNZD,
NZD,"100,000","72,109","4,326,540,000","26,050","1,563,000,000","8,056","805,600,000","17,994","1,799,400,000","-9,938",-13.78%,-38.15%,-2.61%,"-993,800,000","-596,280,000",,13.10%,10.80%,3.00%,1.40%,0.70%,-2.30%,-3.80%,
CHF,"125,000","76,433","10,700,620,000","17,783","2,489,620,000","1,788","223,500,000","15,995","1,999,375,000","-14,207",-18.59%,-79.89%,1.76%,"-1,775,875,000","-1,988,980,000",,EURGBP,NZDUSD,NZDJPY,AUDUSD,AUDJPY,CADJPY,CHFJPY,
JPY,"12,500,000","320,758","26,863,482,500","85,639","7,172,266,250","52,436","655,450,000,000","33,203","415,037,500,000","19,233",6%,22.46%,9.45%,"240,412,500,000","1,610,763,750",,-10.10%,-28.00%,-30.30%,-31.80%,-34.10%,-49.80%,-51.20%,
SP500 (E-MINI),"265,000","2,332,802","618,192,530,000","700,489","185,629,585,000","216,672","57,418,080,000","483,817","128,211,505,000","-267,145",-11.45%,-38.14%,5.36%,"-70,793,425,000","-70,793,425,000",,,,,,,,,
NAS100 (NQ MINI),"370,000","254,563","94,188,310,000","130,220","48,181,400,000","67,920","25,130,400,000","62,300","23,051,000,000","5,620",2.21%,4.32%,28.14%,"2,079,400,000","2,079,400,000",,,,,,,,,
US30 (YM),"200,000","73,838","14,767,600,000","20,753","4,150,600,000","11,628","2,325,600,000","9,125","1,825,000,000","2,503",3.39%,12.06%,11.56%,"500,600,000","500,600,000",,,,,,,,,
,,,,,,,,,,,,,,,,,,,,,,,,
"Week of April 1, 2025 - COT Leveraged Funds >>> valid for trades from April 7, 2025",,,,,,,,,,,,,,,,,,,,,,,,
Currency,Contract Value,Open Interest TOTAL,Open Interest TOTAL USD,Open Interest LF,Open Interest LF USD,Long Positions,Long Value,Short Positions,Short Value,Net Positions,Net Percent,Net Percent LF,Net % LF Δ,Net Value (Base Currency),Net Value USD,,Currency Pairs - LF Strength Index,,,,,,,
USD (DXY),"104,500","29,279","3,059,655,500","28,651","2,994,029,500","15,316","1,600,522,000","13,335","1,393,507,500","1,981",6.77%,6.91%,7.51%,"207,014,500","207,014,500",,GBPCHF,EURCHF,GBPCAD,GBPAUD,USDCHF,GBPNZD,EURCAD,
EUR,"125,000","670,827","90,561,645,000","149,740","20,214,900,000","91,315","11,414,375,000","58,425","7,303,125,000","32,890",4.90%,21.96%,4.71%,"4,111,250,000","4,440,150,000",,63.90%,51.80%,51.20%,47.90%,44.30%,40.80%,39.20%,
GBP,"62,500","187,160","14,855,825,000","104,718","8,311,991,250","76,484","4,780,250,000","28,234","1,764,625,000","48,250",25.78%,46.08%,6.19%,"3,015,625,000","3,829,843,750",,EURAUD,USDCAD,EURNZD,NZDCHF,GBPUSD,GBPJPY,AUDCHF,
CAD,"100,000","278,330","20,318,090,000","87,665","6,399,545,000","19,122","1,912,200,000","68,543","6,854,300,000","-49,421",-17.76%,-56.37%,2%,"-4,942,100,000","-3,607,733,000",,35.80%,31.60%,28.70%,23.10%,19.60%,16.50%,16.00%,
AUD,"100,000","182,766","11,879,790,000","66,599","4,328,935,000","16,740","1,674,000,000","49,859","4,985,900,000","-33,119",-18.12%,-49.73%,0.20%,"-3,311,900,000","-2,152,735,000",,CADCHF,NZDCAD,EURUSD,EURJPY,AUDCAD,USDJPY,AUDNZD,
NZD,"100,000","81,797","4,907,820,000","28,238","1,694,280,000","9,101","910,100,000","19,137","1,913,700,000","-10,036",-12.27%,-35.54%,-9.20%,"-1,003,600,000","-602,160,000",,12.60%,10.40%,7.50%,4.50%,3.30%,-3.00%,-7.10%,
CHF,"125,000","89,248","12,494,720,000","28,048","3,926,720,000","2,573","321,625,000","25,475","3,184,375,000","-22,902",-25.66%,-81.65%,-4.72%,"-2,862,750,000","-3,206,280,000",,EURGBP,NZDUSD,NZDJPY,AUDUSD,AUDJPY,CADJPY,CHFJPY,
JPY,"12,500,000","311,162","26,059,817,500","86,593","7,252,163,750","48,928","611,600,000,000","37,665","470,812,500,000","11,263",3.62%,13.01%,12.64%,"140,787,500,000","943,276,250",,-12.10%,-21.20%,-24.30%,-28.30%,-31.40%,-34.70%,-47.30%,
SP500 (E-MINI),"265,000","2,111,750","559,613,750,000","600,341","159,090,365,000","169,590","44,941,350,000","430,751","114,149,015,000","-261,161",-12.37%,-43.50%,-2.42%,"-69,207,665,000","-69,207,665,000",,,,,,,,,
NAS100 (NQ MINI),"370,000","247,658","91,633,460,000","128,206","47,436,220,000","48,832","18,067,840,000","79,374","29,368,380,000","-30,542",-12.33%,-23.82%,13.43%,"-11,300,540,000","-11,300,540,000",,,,,,,,,
US30 (YM),"200,000","74,497","14,899,400,000","16,219","3,243,800,000","8,150","1,630,000,000","8,069","1,613,800,000",81,0.11%,0.50%,10.26%,"16,200,000","16,200,000",,,,,,,,,
,,,,,,,,,,,,,,,,,,,,,,,,
"Week of March 25, 2025 - COT Leveraged Funds >>> valid for trades from March 31, 2025",,,,,,,,,,,,,,,,,,,,,,,,
Currency,Contract Value,Open Interest TOTAL,Open Interest TOTAL USD,Open Interest LF,Open Interest LF USD,Long Positions,Long Value,Short Positions,Short Value,Net Positions,Net Percent,Net Percent LF,Net % LF Δ,Net Value (Base Currency),Net Value USD,,Currency Pairs - LF Strength Index,,,,,,,
USD (DXY),"104,500","29,219","3,053,385,500","31,093","3,249,218,500","15,453","1,614,838,500","15,640","1,634,380,000",-187,-0.64%,-0.60%,0.36%,"-19,541,500","-19,541,500",,GBPCHF,GBPCAD,EURCHF,GBPAUD,USDCHF,EURCAD,EURAUD,
EUR,"125,000","672,875","90,838,125,000","152,910","20,642,850,000","89,643","11,205,375,000","63,267","7,908,375,000","26,376",3.92%,17.25%,8.60%,"3,297,000,000","3,560,760,000",,58.40%,49.10%,47.10%,44.90%,38.20%,37.80%,33.60%,
GBP,"62,500","191,212","15,177,452,500","102,048","8,100,060,000","71,377","4,461,062,500","30,671","1,916,937,500","40,706",21.29%,39.89%,8.74%,"2,544,125,000","3,231,038,750",,GBPNZD,USDCAD,NZDCHF,EURNZD,GBPUSD,GBPJPY,NZDCAD,
CAD,"100,000","281,126","20,522,198,000","85,876","6,268,948,000","17,877","1,787,700,000","67,999","6,799,900,000","-50,122",-17.83%,-58.37%,16.21%,"-5,012,200,000","-3,658,906,000",,33.10%,28.90%,25.30%,21.80%,20.20%,19.80%,16.00%,
AUD,"100,000","180,087","11,705,655,000","62,568","4,066,920,000","15,664","1,566,400,000","46,904","4,690,400,000","-31,240",-17.35%,-49.93%,2.99%,"-3,124,000,000","-2,030,600,000",,AUDCHF,CADCHF,EURUSD,EURJPY,AUDCAD,USDJPY,EURGBP,
NZD,"100,000","82,270","4,936,200,000","31,655","1,899,300,000","11,659","1,165,900,000","19,996","1,999,600,000","-8,337",-10.13%,-26.34%,-12.62%,"-833,700,000","-500,220,000",,13.50%,9.30%,8.90%,8.40%,4.20%,-0.50%,-11.30%,
CHF,"125,000","85,731","12,002,340,000","27,494","3,849,160,000","3,172","396,500,000","24,322","3,040,250,000","-21,150",-24.67%,-76.93%,-7.35%,"-2,643,750,000","-2,961,000,000",,AUDNZD,NZDUSD,NZDJPY,AUDUSD,AUDJPY,CADJPY,CHFJPY,
JPY,"12,500,000","303,778","25,441,407,500","83,255","6,972,606,250","41,782","522,275,000,000","41,473","518,412,500,000",309,0.10%,0.37%,7.11%,"3,862,500,000","25,878,750",,-11.80%,-12.90%,-13.40%,-24.70%,-25.10%,-29.40%,-38.70%,
SP500 (E-MINI),"265,000","2,074,351","549,703,015,000","571,105","151,342,825,000","168,249","44,585,985,000","402,856","106,756,840,000","-234,607",-11.31%,-41.08%,-12.81%,"-62,170,855,000","-62,170,855,000",,,,,,,,,
NAS100 (NQ MINI),"370,000","224,189","82,949,930,000","96,340","35,645,800,000","30,225","11,183,250,000","66,115","24,462,550,000","-35,890",-16.01%,-37.25%,-38.04%,"-13,279,300,000","-13,279,300,000",,,,,,,,,
US30 (YM),"200,000","74,443","14,888,600,000","17,064","3,412,800,000","7,699","1,539,800,000","9,365","1,873,000,000","-1,666",-2.24%,-9.76%,-47.21%,"-333,200,000","-333,200,000",,,,,,,,,
,,,,,,,,,,,,,,,,,,,,,,,,
"Week of March 18, 2025 - COT Leveraged Funds >>> valid for trades from March 24, 2025",,,,,,,,,,,,,,,,,,,,,,,,
Currency,Contract Value,Open Interest TOTAL,Open Interest TOTAL USD,Open Interest LF,Open Interest LF USD,Long Positions,Long Value,Short Positions,Short Value,Net Positions,Net Percent,Net Percent LF,Net % LF Δ,Net Value (Base Currency),Net Value USD,,Currency Pairs - LF Strength Index,,,,,,,
USD (DXY),"104,500","29,600","3,093,200,000","30,809","3,219,540,500","15,256","1,594,252,000","15,553","1,625,288,500",-297,-1%,-0.96%,-50.07%,"-31,036,500","-31,036,500",,GBPCAD,GBPCHF,GBPAUD,EURCAD,EURCHF,USDCAD,USDCHF,
EUR,"125,000","652,620","88,103,700,000","160,241","21,632,535,000","87,050","10,881,250,000","73,191","9,148,875,000","13,859",2.12%,8.65%,11.83%,"1,732,375,000","1,870,965,000",,52.90%,50.40%,42.00%,41.60%,39.10%,36.80%,34.30%,
GBP,"62,500","180,841","14,354,254,375","102,580","8,142,287,500","67,268","4,204,250,000","35,312","2,207,000,000","31,956",17.67%,31.15%,1.50%,"1,997,250,000","2,536,507,500",,EURAUD,NZDCAD,NZDCHF,GBPNZD,GBPJPY,GBPUSD,EURNZD,
CAD,"100,000","347,932","25,399,036,000","85,168","6,217,264,000","10,823","1,082,300,000","74,345","7,434,500,000","-63,522",-18.26%,-74.58%,7.46%,"-6,352,200,000","-4,637,106,000",,30.80%,30.40%,27.90%,22.40%,18.90%,16.10%,11.20%,
AUD,"100,000","180,546","11,735,490,000","56,538","3,674,970,000","13,309","1,330,900,000","43,229","4,322,900,000","-29,920",-16.57%,-52.92%,-13.91%,"-2,992,000,000","-1,944,800,000",,AUDCAD,AUDCHF,EURJPY,EURUSD,USDJPY,CADCHF,NZDJPY,
NZD,"100,000","84,543","5,072,580,000","36,057","2,163,420,000","15,555","1,555,500,000","20,502","2,050,200,000","-4,947",-5.85%,-13.72%,13.82%,"-494,700,000","-296,820,000",,10.80%,8.30%,7.70%,4.80%,2.90%,-2.50%,-3.50%,
CHF,"125,000","80,057","11,207,980,000","24,331","3,406,340,000","3,701","462,625,000","20,630","2,578,750,000","-16,929",-21.15%,-69.58%,-1.20%,"-2,116,125,000","-2,370,060,000",,NZDUSD,EURGBP,AUDNZD,AUDJPY,AUDUSD,CHFJPY,CADJPY,
JPY,"12,500,000","296,567","24,837,486,250","86,529","7,246,803,750","40,348","504,350,000,000","46,181","577,262,500,000","-5,833",-1.97%,-6.74%,-7.19%,"-72,912,500,000","-488,513,750",,-6.40%,-11.20%,-19.60%,-23.10%,-26.00%,-31.40%,-33.90%,
SP500 (E-MINI),"265,000","2,560,662","678,575,430,000","666,698","176,674,970,000","239,099","63,361,235,000","427,599","113,313,735,000","-188,500",-7.36%,-28.27%,-1.77%,"-49,952,500,000","-49,952,500,000",,,,,,,,,
NAS100 (NQ MINI),"370,000","301,517","111,561,290,000","133,367","49,345,790,000","67,212","24,868,440,000","66,155","24,477,350,000","1,057",0.35%,0.79%,-2.25%,"391,090,000","391,090,000",,,,,,,,,
US30 (YM),"200,000","91,941","18,388,200,000","25,121","5,024,200,000","17,264","3,452,800,000","7,857","1,571,400,000","9,407",10.23%,37.45%,10.81%,"1,881,400,000","1,881,400,000",,,,,,,,,
,,,,,,,,,,,,,,,,,,,,,,,,
"Week of March 11, 2025 - COT Leveraged Funds >>> valid for trades from March 17, 2025",,,,,,,,,,,,,,,,,,,,,,,,
Currency,Contract Value,Open Interest TOTAL,Open Interest TOTAL USD,Open Interest LF,Open Interest LF USD,Long Positions,Long Value,Short Positions,Short Value,Net Positions,Net Percent,Net Percent LF,Net % LF Δ,Net Value (Base Currency),Net Value USD,,Currency Pairs - LF Strength Index,,,,,,,
USD (DXY),"104,500","39,865","4,165,892,500","28,849","3,014,720,500","21,509","2,247,690,500","7,340","767,030,000","14,169",35.54%,49.11%,13.64%,"1,480,660,500","1,480,660,500",,USDCAD,USDCHF,GBPCAD,GBPCHF,EURCAD,GBPAUD,EURCHF,
EUR,"125,000","729,760","98,517,600,000","186,105","25,124,175,000","90,093","11,261,625,000","96,012","12,001,500,000","-5,919",-0.81%,-3.18%,1%,"-739,875,000","-799,065,000",,65.60%,58.70%,55.80%,49.00%,39.40%,34.30%,32.60%,
GBP,"62,500","248,457","19,721,274,375","94,215","7,478,315,625","61,074","3,817,125,000","33,141","2,071,312,500","27,933",11.24%,29.65%,-7.55%,"1,745,812,500","2,217,181,875",,GBPNZD,NZDCAD,USDJPY,AUDCAD,NZDCHF,EURAUD,AUDCHF,
CAD,"100,000","339,922","24,814,306,000","77,353","5,646,769,000","6,946","694,600,000","70,407","7,040,700,000","-63,461",-18.67%,-82.04%,-6.76%,"-6,346,100,000","-4,632,653,000",,28.60%,27.30%,24.30%,21.50%,20.40%,17.90%,14.70%,
AUD,"100,000","258,738","16,817,970,000","60,990","3,964,350,000","18,600","1,860,000,000","42,390","4,239,000,000","-23,790",-9.19%,-39.01%,6.71%,"-2,379,000,000","-1,546,350,000",,GBPJPY,EURNZD,EURJPY,AUDNZD,CADCHF,GBPUSD,NZDJPY,
NZD,"100,000","117,627","7,057,620,000","35,978","2,158,680,000","13,034","1,303,400,000","22,944","2,294,400,000","-9,910",-8.42%,-27.54%,-5.01%,"-991,000,000","-594,600,000",,14.60%,12.20%,-1.80%,-5.70%,-6.80%,-9.70%,-14.00%,
CHF,"125,000","100,493","14,069,020,000","24,481","3,427,340,000","3,870","483,750,000","20,611","2,576,375,000","-16,741",-16.66%,-68.38%,-5.67%,"-2,092,625,000","-2,343,740,000",,EURGBP,AUDJPY,EURUSD,CHFJPY,NZDUSD,CADJPY,AUDUSD,
JPY,"12,500,000","446,178","37,367,407,500","91,693","7,679,288,750","46,055","575,687,500,000","45,638","570,475,000,000",417,0.09%,0.45%,-2.30%,"5,212,500,000","34,923,750",,-16.40%,-19.70%,-26.10%,-34.40%,-38.30%,-41.20%,-44.10%,
SP500 (E-MINI),"265,000","2,282,648","604,901,720,000","730,360","193,545,400,000","268,404","71,127,060,000","461,956","122,418,340,000","-193,552",-8.48%,-26.50%,10.87%,"-51,291,280,000","-51,291,280,000",,,,,,,,,
NAS100 (NQ MINI),"370,000","303,084","112,141,080,000","153,358","56,742,460,000","79,012","29,234,440,000","74,346","27,508,020,000","4,666",1.54%,3.04%,11.05%,"1,726,420,000","1,726,420,000",,,,,,,,,
US30 (YM),"200,000","74,843","14,968,600,000","26,724","5,344,800,000","16,921","3,384,200,000","9,803","1,960,600,000","7,118",9.51%,26.64%,22.84%,"1,423,600,000","1,423,600,000",,,,,,,,,
,,,,,,,,,,,,,,,,,,,,,,,,
"Week of March 4, 2025 - COT Leveraged Funds >>> valid for trades from March 10, 2025",,,,,,,,,,,,,,,,,,,,,,,,
Currency,Contract Value,Open Interest TOTAL,Open Interest TOTAL USD,Open Interest LF,Open Interest LF USD,Long Positions,Long Value,Short Positions,Short Value,Net Positions,Net Percent,Net Percent LF,Net % LF Δ,Net Value (Base Currency),Net Value USD,,Currency Pairs - LF Strength Index,,,,,,,
USD (DXY),"104,500","39,075","4,083,337,500","28,190","2,945,855,000","19,095","1,995,427,500","9,095","950,427,500","10,000",25.59%,35.47%,8.78%,"1,045,000,000","1,045,000,000",,GBPCAD,USDCAD,GBPCHF,USDCHF,GBPAUD,EURCAD,GBPNZD,
EUR,"125,000","683,819","92,315,565,000","196,568","26,536,680,000","94,173","11,771,625,000","102,395","12,799,375,000","-8,222",-1.20%,-4.18%,-1.43%,"-1,027,750,000","-1,109,970,000",,56.20%,55.40%,50.00%,49.10%,41.50%,35.60%,29.90%,
GBP,"62,500","200,634","15,925,323,750","90,732","7,201,852,500","62,241","3,890,062,500","28,491","1,780,687,500","33,750",16.82%,37.20%,1.26%,"2,109,375,000","2,678,906,250",,EURCHF,NZDCAD,EURAUD,NZDCHF,GBPJPY,USDJPY,AUDCAD,
CAD,"100,000","340,218","24,835,914,000","85,782","6,262,086,000","10,601","1,060,100,000","75,181","7,518,100,000","-64,580",-18.98%,-75.28%,4.07%,"-6,458,000,000","-4,714,340,000",,29.30%,26.40%,20.80%,20.10%,17.20%,16.40%,14.80%,
AUD,"100,000","202,272","13,147,680,000","62,059","4,033,835,000","16,843","1,684,300,000","45,216","4,521,600,000","-28,373",-14.03%,-45.72%,1.40%,"-2,837,300,000","-1,844,245,000",,EURNZD,AUDCHF,GBPUSD,EURJPY,CADCHF,AUDNZD,NZDJPY,
NZD,"100,000","99,433","5,965,980,000","39,585","2,375,100,000","15,333","1,533,300,000","24,252","2,425,200,000","-8,919",-8.97%,-22.53%,20.53%,"-891,900,000","-535,140,000",,9.20%,8.50%,0.90%,-3.50%,-6.30%,-11.60%,-12.60%,
CHF,"125,000","97,021","13,582,940,000","24,072","3,370,080,000","4,488","561,000,000","19,584","2,448,000,000","-15,096",-15.56%,-62.71%,-0.92%,"-1,887,000,000","-2,113,440,000",,EURUSD,EURGBP,AUDJPY,NZDUSD,CHFJPY,CADJPY,AUDUSD,
JPY,"12,500,000","354,415","29,682,256,250","92,606","7,755,752,500","47,578","594,725,000,000","45,028","562,850,000,000","2,550",0.72%,2.75%,13.71%,"31,875,000,000","213,562,500",,-19.80%,-20.70%,-24.20%,-29.00%,-32.70%,-39.00%,-40.60%,
SP500 (E-MINI),"265,000","2,180,944","577,950,160,000","770,530","204,190,450,000","241,275","63,937,875,000","529,255","140,252,575,000","-287,980",-13.20%,-37.37%,10.05%,"-76,314,700,000","-76,314,700,000",,,,,,,,,
NAS100 (NQ MINI),"370,000","288,147","106,614,390,000","145,441","53,813,170,000","66,893","24,750,410,000","78,548","29,062,760,000","-11,655",-4.04%,-8.01%,11.88%,"-4,312,350,000","-4,312,350,000",,,,,,,,,
US30 (YM),"200,000","75,169","15,033,800,000","28,455","5,691,000,000","14,768","2,953,600,000","13,687","2,737,400,000","1,081",1.44%,3.80%,2.91%,"216,200,000","216,200,000",,,,,,,,,
,,,,,,,,,,,,,,,,,,,,,,,,
"Week of February 25, 2025 - COT Leveraged Funds >>> valid for trades from March 3, 2025",,,,,,,,,,,,,,,,,,,,,,,,
Currency,Contract Value,Open Interest TOTAL,Open Interest TOTAL USD,Open Interest LF,Open Interest LF USD,Long Positions,Long Value,Short Positions,Short Value,Net Positions,Net Percent,Net Percent LF,Net % LF Δ,Net Value (Base Currency),Net Value USD,,Currency Pairs - LF Strength Index,,,,,,,
USD (DXY),"104,500","38,062","3,977,479,000","24,754","2,586,793,000","15,680","1,638,560,000","9,074","948,233,000","6,606",17.36%,26.69%,5.86%,"690,327,000","690,327,000",,GBPCAD,USDCAD,GBPCHF,USDCHF,GBPAUD,GBPNZD,EURCAD,
EUR,"125,000","658,684","88,922,340,000","192,820","26,030,700,000","93,762","11,720,250,000","99,058","12,382,250,000","-5,296",-0.80%,-2.75%,3.16%,"-662,000,000","-714,960,000",,57.60%,53.00%,48.90%,44.20%,41.50%,39.50%,38.30%,
GBP,"62,500","200,468","15,912,147,500","89,218","7,081,678,750","60,643","3,790,187,500","28,575","1,785,937,500","32,068",16%,35.94%,-1.77%,"2,004,250,000","2,545,397,500",,EURCHF,GBPJPY,EURAUD,EURNZD,USDJPY,NZDCAD,AUDCAD,
CAD,"100,000","319,493","23,322,989,000","84,279","6,152,367,000","8,701","870,100,000","75,578","7,557,800,000","-66,877",-20.93%,-79.35%,5.51%,"-6,687,700,000","-4,882,021,000",,29.50%,23.50%,22.20%,20.20%,18.80%,18.10%,16.10%,
AUD,"100,000","185,971","12,088,115,000","64,836","4,214,340,000","17,142","1,714,200,000","47,694","4,769,400,000","-30,552",-16.43%,-47.12%,4.42%,"-3,055,200,000","-1,985,880,000",,NZDCHF,AUDCHF,GBPUSD,EURJPY,AUDNZD,CADCHF,EURUSD,
NZD,"100,000","90,322","5,419,320,000","34,219","2,053,140,000","9,742","974,200,000","24,477","2,447,700,000","-14,735",-16.31%,-43.06%,-0.52%,"-1,473,500,000","-884,100,000",,9.40%,7.30%,4.60%,4.10%,-2.00%,-8.80%,-14.70%,
CHF,"125,000","97,178","13,604,920,000","26,057","3,647,980,000","4,978","622,250,000","21,079","2,634,875,000","-16,101",-16.57%,-61.79%,-10.89%,"-2,012,625,000","-2,254,140,000",,NZDJPY,AUDJPY,EURGBP,CHFJPY,CADJPY,NZDUSD,AUDUSD,
JPY,"12,500,000","329,186","27,569,327,500","106,916","8,954,215,000","47,598","594,975,000,000","59,318","741,475,000,000","-11,720",-3.56%,-10.96%,10.37%,"-146,500,000,000","-981,550,000",,-16.00%,-18.10%,-19.30%,-25.40%,-34.20%,-34.90%,-36.90%,
SP500 (E-MINI),"265,000","2,126,872","563,621,080,000","708,600","187,779,000,000","186,291","49,367,115,000","522,309","138,411,885,000","-336,018",-15.80%,-47.42%,0.48%,"-89,044,770,000","-89,044,770,000",,,,,,,,,
NAS100 (NQ MINI),"370,000","286,114","105,862,180,000","140,141","51,852,170,000","56,135","20,769,950,000","84,006","31,082,220,000","-27,871",-9.74%,-19.89%,26.06%,"-10,312,270,000","-10,312,270,000",,,,,,,,,
US30 (YM),"200,000","79,313","15,862,600,000","28,079","5,615,800,000","14,165","2,833,000,000","13,914","2,782,800,000",251,0.32%,0.89%,5.87%,"50,200,000","50,200,000",,,,,,,,,
,,,,,,,,,,,,,,,,,,,,,,,,
"Week of February 18, 2025 - COT Leveraged Funds >>> valid for trades from February 24, 2025",,,,,,,,,,,,,,,,,,,,,,,,
Currency,Contract Value,Open Interest TOTAL,Open Interest TOTAL USD,Open Interest LF,Open Interest LF USD,Long Positions,Long Value,Short Positions,Short Value,Net Positions,Net Percent,Net Percent LF,Net % LF Δ,Net Value (Base Currency),Net Value USD,,Currency Pairs - LF Strength Index,,,,,,,
USD (DXY),"104,500","38,459","4,018,965,500","26,427","2,761,621,500","15,966","1,668,447,000","10,461","1,093,174,500","5,505",14.31%,20.83%,11.25%,"575,272,500","575,272,500",,GBPCAD,USDCAD,GBPAUD,GBPCHF,GBPNZD,EURCAD,USDCHF,
EUR,"125,000","638,024","86,133,240,000","190,075","25,660,125,000","89,424","11,178,000,000","100,651","12,581,375,000","-11,227",-1.76%,-5.91%,4.60%,"-1,403,375,000","-1,515,645,000",,61.30%,52.80%,44.60%,44.30%,40.10%,39.50%,35.90%,
GBP,"62,500","203,370","16,142,493,750","92,282","7,324,883,750","63,543","3,971,437,500","28,739","1,796,187,500","34,804",17.11%,37.71%,0.71%,"2,175,250,000","2,762,567,500",,GBPJPY,EURAUD,EURCHF,NZDCAD,USDJPY,EURNZD,AUDCAD,
CAD,"100,000","323,195","23,593,235,000","92,030","6,718,190,000","6,968","696,800,000","85,062","8,506,200,000","-78,094",-24.16%,-84.86%,2.92%,"-7,809,400,000","-5,700,862,000",,29.50%,22.80%,22.50%,21.20%,21.10%,18.30%,16.70%,
AUD,"100,000","189,686","12,329,590,000","64,703","4,205,695,000","15,678","1,567,800,000","49,025","4,902,500,000","-33,347",-17.58%,-51.54%,14.19%,"-3,334,700,000","-2,167,555,000",,GBPUSD,EURJPY,NZDCHF,AUDCHF,AUDNZD,NZDJPY,EURUSD,
NZD,"100,000","89,366","5,361,960,000","32,578","1,954,680,000","9,359","935,900,000","23,219","2,321,900,000","-13,860",-15.51%,-42.54%,0.30%,"-1,386,000,000","-831,600,000",,8.40%,7.70%,4.20%,-0.30%,-4.50%,-10.60%,-13.40%,
CHF,"125,000","97,878","13,702,920,000","27,820","3,894,800,000","6,830","853,750,000","20,990","2,623,750,000","-14,160",-14.47%,-50.90%,6.69%,"-1,770,000,000","-1,982,400,000",,CHFJPY,AUDJPY,CADCHF,EURGBP,NZDUSD,CADJPY,AUDUSD,
JPY,"12,500,000","281,163","23,547,401,250","111,798","9,363,082,500","43,974","549,675,000,000","67,824","847,800,000,000","-23,850",-8.48%,-21.33%,9.06%,"-298,125,000,000","-1,997,437,500",,-14.80%,-15.10%,-17.00%,-21.80%,-31.70%,-31.80%,-36.20%,
SP500 (E-MINI),"265,000","2,120,653","561,973,045,000","742,390","196,733,350,000","193,400","51,251,000,000","548,990","145,482,350,000","-355,590",-16.77%,-47.90%,0.59%,"-94,231,350,000","-94,231,350,000",,,,,,,,,
NAS100 (NQ MINI),"370,000","289,760","107,211,200,000","148,475","54,935,750,000","40,127","14,846,990,000","108,348","40,088,760,000","-68,221",-23.54%,-45.95%,-6.26%,"-25,241,770,000","-25,241,770,000",,,,,,,,,
US30 (YM),"200,000","80,427","16,085,400,000","26,825","5,365,000,000","12,745","2,549,000,000","14,080","2,816,000,000","-1,335",-1.66%,-4.98%,-17.34%,"-267,000,000","-267,000,000",,,,,,,,,
,,,,,,,,,,,,,,,,,,,,,,,,
"Week of February 11, 2025 - COT Leveraged Funds >>> valid for trades from February 17, 2025",,,,,,,,,,,,,,,,,,,,,,,,
Currency,Contract Value,Open Interest TOTAL,Open Interest TOTAL USD,Open Interest LF,Open Interest LF USD,Long Positions,Long Value,Short Positions,Short Value,Net Positions,Net Percent,Net Percent LF,Net % LF Δ,Net Value (Base Currency),Net Value USD,,Currency Pairs - LF Strength Index,,,,,,,
USD (DXY),"104,500","39,291","4,105,909,500","25,765","2,692,442,500","14,117","1,475,226,500","11,648","1,217,216,000","2,469",6.28%,9.58%,2.43%,"258,010,500","258,010,500",,GBPCAD,GBPAUD,USDCAD,GBPCHF,GBPNZD,EURCAD,GBPJPY,
EUR,"125,000","622,873","84,087,855,000","198,111","26,744,985,000","88,642","11,080,250,000","109,469","13,683,625,000","-20,827",-3.34%,-10.51%,1.39%,"-2,603,375,000","-2,811,645,000",,62.40%,51.40%,48.70%,47.30%,39.90%,38.60%,33.70%,
GBP,"62,500","208,138","16,520,953,750","85,458","6,783,228,750","58,540","3,658,750,000","26,918","1,682,375,000","31,622",15.19%,37%,11.40%,"1,976,375,000","2,509,996,250",,USDCHF,EURAUD,EURCHF,NZDCAD,USDJPY,EURNZD,GBPUSD,
CAD,"100,000","326,849","23,859,977,000","93,013","6,789,949,000","5,683","568,300,000","87,330","8,733,000,000","-81,647",-24.98%,-87.78%,1.77%,"-8,164,700,000","-5,960,231,000",,33.60%,27.60%,23.50%,22.50%,20.00%,16.20%,13.70%,
AUD,"100,000","196,295","12,759,175,000","64,649","4,202,185,000","11,077","1,107,700,000","53,572","5,357,200,000","-42,495",-21.65%,-65.73%,-6.10%,"-4,249,500,000","-2,762,175,000",,AUDCAD,EURJPY,NZDCHF,AUDCHF,NZDJPY,EURUSD,AUDNZD,
NZD,"100,000","87,118","5,227,080,000","26,554","1,593,240,000","7,589","758,900,000","18,965","1,896,500,000","-11,376",-13.06%,-42.84%,16.50%,"-1,137,600,000","-682,560,000",,11.00%,9.90%,7.40%,-4.10%,-6.20%,-10.00%,-11.40%,
CHF,"125,000","98,159","13,742,260,000","25,974","3,636,360,000","5,508","688,500,000","20,466","2,558,250,000","-14,958",-15.24%,-57.59%,-3.80%,"-1,869,750,000","-2,094,120,000",,CHFJPY,CADCHF,AUDJPY,EURGBP,NZDUSD,CADJPY,AUDUSD,
JPY,"12,500,000","273,314","22,890,047,500","102,065","8,547,943,750","35,523","444,037,500,000","66,542","831,775,000,000","-31,019",-11.35%,-30.39%,0.17%,"-387,737,500,000","-2,597,841,250",,-13.60%,-15.10%,-17.70%,-23.80%,-26.20%,-28.70%,-37.70%,
SP500 (E-MINI),"265,000","2,096,517","555,577,005,000","738,190","195,620,350,000","190,122","50,382,330,000","548,068","145,238,020,000","-357,946",-17.07%,-48.49%,-0.46%,"-94,855,690,000","-94,855,690,000",,,,,,,,,
NAS100 (NQ MINI),"370,000","263,509","97,498,330,000","131,776","48,757,120,000","39,736","14,702,320,000","92,040","34,054,800,000","-52,304",-19.85%,-39.69%,-3.01%,"-19,352,480,000","-19,352,480,000",,,,,,,,,
US30 (YM),"200,000","81,382","16,276,400,000","23,188","4,637,600,000","13,027","2,605,400,000","10,161","2,032,200,000","2,866",3.52%,12.36%,-0.52%,"573,200,000","573,200,000",,,,,,,,,
,,,,,,,,,,,,,,,,,,,,,,,,
"Week of February 4, 2025 - COT Leveraged Funds >>> valid for trades from February 10, 2025",,,,,,,,,,,,,,,,,,,,,,,,
Currency,Contract Value,Open Interest TOTAL,Open Interest TOTAL USD,Open Interest LF,Open Interest LF USD,Long Positions,Long Value,Short Positions,Short Value,Net Positions,Net Percent,Net Percent LF,Net % LF Δ,Net Value (Base Currency),Net Value USD,,Currency Pairs - LF Strength Index,,,,,,,
USD (DXY),"104,500","39,705","4,149,172,500","25,635","2,678,857,500","13,734","1,435,203,000","11,901","1,243,654,500","1,833",4.62%,7.15%,5.33%,"191,548,500","191,548,500",,GBPCAD,USDCAD,GBPAUD,GBPNZD,GBPCHF,EURCAD,USDCHF,
EUR,"125,000","616,623","83,244,105,000","186,365","25,159,275,000","82,094","10,261,750,000","104,271","13,033,875,000","-22,177",-3.60%,-11.90%,7.22%,"-2,772,125,000","-2,993,895,000",,57.60%,48.40%,42.60%,42.50%,39.70%,38.80%,30.50%,
GBP,"62,500","204,644","16,243,617,500","89,441","7,099,379,375","56,170","3,510,625,000","33,271","2,079,437,500","22,899",11.19%,25.60%,2.13%,"1,431,187,500","1,817,608,125",,GBPJPY,EURAUD,EURNZD,EURCHF,USDJPY,NZDCAD,AUDCAD,
CAD,"100,000","346,984","25,329,832,000","101,418","7,403,514,000","5,300","530,000,000","96,118","9,611,800,000","-90,818",-26.17%,-89.55%,-1.82%,"-9,081,800,000","-6,629,714,000",,28.10%,23.90%,23.70%,20.90%,18.90%,15.10%,15.00%,
AUD,"100,000","204,869","13,316,485,000","64,645","4,201,925,000","13,048","1,304,800,000","51,597","5,159,700,000","-38,549",-18.82%,-59.63%,10.59%,"-3,854,900,000","-2,505,685,000",,EURJPY,GBPUSD,AUDNZD,NZDCHF,AUDCHF,EURUSD,CHFJPY,
NZD,"100,000","83,998","5,039,880,000","27,682","1,660,920,000","5,628","562,800,000","22,054","2,205,400,000","-16,426",-19.56%,-59.34%,3.47%,"-1,642,600,000","-985,560,000",,9.30%,9.20%,-0.10%,-2.80%,-2.90%,-9.50%,-11.60%,
CHF,"125,000","97,931","13,710,340,000","25,343","3,548,020,000","5,855","731,875,000","19,488","2,436,000,000","-13,633",-13.92%,-53.79%,7.45%,"-1,704,125,000","-1,908,620,000",,NZDJPY,AUDJPY,CADCHF,EURGBP,CADJPY,NZDUSD,AUDUSD,
JPY,"12,500,000","231,911","19,422,546,250","95,188","7,971,995,000","33,050","413,125,000,000","62,138","776,725,000,000","-29,088",-12.54%,-30.56%,10.11%,"-363,600,000,000","-2,436,120,000",,-14.40%,-14.50%,-17.90%,-18.70%,-29.50%,-33.20%,-33.40%,
SP500 (E-MINI),"265,000","2,071,863","549,043,695,000","675,358","178,969,870,000","175,502","46,508,030,000","499,856","132,461,840,000","-324,354",-15.66%,-48.03%,13.67%,"-85,953,810,000","-85,953,810,000",,,,,,,,,
NAS100 (NQ MINI),"370,000","259,061","95,852,570,000","132,920","49,180,400,000","42,084","15,571,080,000","90,836","33,609,320,000","-48,752",-18.82%,-36.68%,-0.50%,"-18,038,240,000","-18,038,240,000",,,,,,,,,
US30 (YM),"200,000","82,475","16,495,000,000","23,260","4,652,000,000","13,128","2,625,600,000","10,132","2,026,400,000","2,996",3.63%,12.88%,-1.60%,"599,200,000","599,200,000",,,,,,,,,
,,,,,,,,,,,,,,,,,,,,,,,,
"Week of January 28, 2025 - COT Leveraged Funds >>> valid for trades from February 3, 2025",,,,,,,,,,,,,,,,,,,,,,,,
Currency,Contract Value,Open Interest TOTAL,Open Interest TOTAL USD,Open Interest LF,Open Interest LF USD,Long Positions,Long Value,Short Positions,Short Value,Net Positions,Net Percent,Net Percent LF,Net % LF Δ,Net Value (Base Currency),Net Value USD,,Currency Pairs - LF Strength Index,,,,,,,
USD (DXY),"104,500","40,991","4,283,559,500","27,911","2,916,699,500","14,209","1,484,840,500","13,702","1,431,859,000",507,1.24%,1.82%,7.94%,"52,981,500","52,981,500",,GBPCAD,GBPAUD,USDCAD,GBPNZD,GBPCHF,EURCAD,GBPJPY,
EUR,"125,000","618,908","83,552,580,000","179,360","24,213,600,000","72,532","9,066,500,000","106,828","13,353,500,000","-34,296",-5.54%,-19.12%,0.43%,"-4,287,000,000","-4,629,960,000",,55.60%,46.80%,44.80%,43.10%,42.40%,34.30%,32.10%,
GBP,"62,500","206,821","16,416,416,875","84,926","6,741,001,250","52,427","3,276,687,500","32,499","2,031,187,500","19,928",9.64%,23.47%,-11.59%,"1,245,500,000","1,581,785,000",,USDCHF,EURAUD,EURNZD,USDJPY,EURCHF,NZDCAD,GBPUSD,
CAD,"100,000","331,109","24,170,957,000","95,684","6,984,932,000","5,869","586,900,000","89,815","8,981,500,000","-83,946",-25.35%,-87.73%,5.51%,"-8,394,600,000","-6,128,058,000",,31.50%,25.50%,21.80%,21.20%,21.10%,12.50%,10.80%,
AUD,"100,000","192,011","12,480,715,000","63,059","4,098,835,000","9,389","938,900,000","53,670","5,367,000,000","-44,281",-23.06%,-70.22%,-7.37%,"-4,428,100,000","-2,878,265,000",,EURJPY,AUDCAD,NZDCHF,AUDNZD,AUDCHF,CHFJPY,EURUSD,
NZD,"100,000","83,969","5,038,140,000","28,553","1,713,180,000","5,309","530,900,000","23,244","2,324,400,000","-17,935",-21.36%,-62.81%,-18.08%,"-1,793,500,000","-1,076,100,000",,10.80%,8.80%,-0.80%,-3.70%,-4.50%,-10.30%,-10.50%,
CHF,"125,000","97,264","13,616,960,000","24,771","3,467,940,000","4,801","600,125,000","19,970","2,496,250,000","-15,169",-15.60%,-61.24%,-12.84%,"-1,896,125,000","-2,123,660,000",,NZDJPY,CADCHF,AUDJPY,EURGBP,CADJPY,NZDUSD,AUDUSD,
JPY,"12,500,000","216,788","18,155,995,000","84,021","7,036,758,750","24,923","311,537,500,000","59,098","738,725,000,000","-34,175",-15.76%,-40.67%,1.13%,"-427,187,500,000","-2,862,156,250",,-11.10%,-13.20%,-14.80%,-21.30%,-23.50%,-32.30%,-36.00%,
SP500 (E-MINI),"265,000","2,033,094","538,769,910,000","642,850","170,355,250,000","123,096","32,620,440,000","519,754","137,734,810,000","-396,658",-19.51%,-61.70%,-3.34%,"-105,114,370,000","-105,114,370,000",,,,,,,,,
NAS100 (NQ MINI),"370,000","267,882","99,116,340,000","137,987","51,055,190,000","44,031","16,291,470,000","93,956","34,763,720,000","-49,925",-18.64%,-36.18%,-2.85%,"-18,472,250,000","-18,472,250,000",,,,,,,,,
US30 (YM),"200,000","84,167","16,833,400,000","26,853","5,370,600,000","15,370","3,074,000,000","11,483","2,296,600,000","3,887",4.62%,14.48%,-7.82%,"777,400,000","777,400,000",,,,,,,,,
,,,,,,,,,,,,,,,,,,,,,,,,
"Week of January 21, 2025 - COT Leveraged Funds >>> valid for trades from January 27, 2025",,,,,,,,,,,,,,,,,,,,,,,,
Currency,Contract Value,Open Interest TOTAL,Open Interest TOTAL USD,Open Interest LF,Open Interest LF USD,Long Positions,Long Value,Short Positions,Short Value,Net Positions,Net Percent,Net Percent LF,Net % LF Δ,Net Value (Base Currency),Net Value USD,,Currency Pairs - LF Strength Index,,,,,,,
USD (DXY),"104,500","45,714","4,777,113,000","32,148","3,359,466,000","15,090","1,576,905,000","17,058","1,782,561,000","-1,968",-4.31%,-6.12%,16.18%,"-205,656,000","-205,656,000",,GBPCAD,GBPAUD,USDCAD,GBPCHF,GBPNZD,GBPJPY,EURCAD,
EUR,"125,000","609,492","82,281,420,000","180,242","24,332,670,000","72,504","9,063,000,000","107,738","13,467,250,000","-35,234",-5.78%,-19.55%,3%,"-4,404,250,000","-4,756,590,000",,64.20%,49.00%,43.60%,41.70%,39.90%,38.40%,36.80%,
GBP,"62,500","212,688","16,882,110,000","94,268","7,482,522,500","63,658","3,978,625,000","30,610","1,913,125,000","33,048",15.54%,35.06%,0.43%,"2,065,500,000","2,623,185,000",,NZDCAD,EURAUD,USDCHF,GBPUSD,USDJPY,AUDCAD,EURCHF,
CAD,"100,000","331,635","24,209,355,000","99,072","7,232,256,000","3,350","335,000,000","95,722","9,572,200,000","-92,372",-27.85%,-93.24%,-6.75%,"-9,237,200,000","-6,743,156,000",,24.30%,21.70%,21.10%,20.60%,17.80%,15.20%,14.40%,
AUD,"100,000","190,211","12,363,715,000","58,327","3,791,255,000","10,834","1,083,400,000","47,493","4,749,300,000","-36,659",-19.27%,-62.85%,5.09%,"-3,665,900,000","-2,382,835,000",,EURNZD,EURJPY,NZDCHF,NZDJPY,CHFJPY,EURUSD,AUDCHF,
NZD,"100,000","90,600","5,436,000,000","30,717","1,843,020,000","8,488","848,800,000","22,229","2,222,900,000","-13,741",-15.17%,-44.73%,-4.59%,"-1,374,100,000","-824,460,000",,12.60%,11.10%,1.80%,-1.50%,-3.30%,-6.70%,-7.20%,
CHF,"125,000","96,356","13,489,840,000","24,645","3,450,300,000","6,358","794,750,000","18,287","2,285,875,000","-11,929",-12.38%,-48.40%,-14.12%,"-1,491,125,000","-1,670,060,000",,AUDNZD,AUDJPY,NZDUSD,CADCHF,CADJPY,EURGBP,AUDUSD,
JPY,"12,500,000","211,620","17,723,175,000","94,818","7,941,007,500","27,591","344,887,500,000","67,227","840,337,500,000","-39,636",-18.73%,-41.80%,9.23%,"-495,450,000,000","-3,319,515,000",,-9.10%,-10.50%,-19.30%,-22.40%,-25.70%,-27.30%,-28.40%,
SP500 (E-MINI),"265,000","2,036,469","539,664,285,000","664,323","176,045,595,000","138,324","36,655,860,000","525,999","139,389,735,000","-387,675",-19.04%,-58.36%,-8.84%,"-102,733,875,000","-102,733,875,000",,,,,,,,,
NAS100 (NQ MINI),"370,000","254,361","94,113,570,000","120,454","44,567,980,000","40,151","14,855,870,000","80,303","29,712,110,000","-40,152",-15.79%,-33.33%,-3.61%,"-14,856,240,000","-14,856,240,000",,,,,,,,,
US30 (YM),"200,000","81,691","16,338,200,000","25,632","5,126,400,000","15,674","3,134,800,000","9,958","1,991,600,000","5,716",7%,22.30%,-4.98%,"1,143,200,000","1,143,200,000",,,,,,,,,
,,,,,,,,,,,,,,,,,,,,,,,,
"Week of January 14, 2025 - COT Leveraged Funds >>> valid for trades from January 20, 2025",,,,,,,,,,,,,,,,,,,,,,,,
Currency,Contract Value,Open Interest TOTAL,Open Interest TOTAL USD,Open Interest LF,Open Interest LF USD,Long Positions,Long Value,Short Positions,Short Value,Net Positions,Net Percent,Net Percent LF,Net % LF Δ,Net Value (Base Currency),Net Value USD,,Currency Pairs - LF Strength Index,,,,,,,
USD (DXY),"104,500","45,758","4,781,711,000","37,430","3,911,435,000","14,541","1,519,534,500","22,889","2,391,900,500","-8,348",-18.24%,-22.30%,6.80%,"-872,366,000","-872,366,000",,GBPCAD,GBPAUD,GBPJPY,GBPNZD,GBPCHF,USDCAD,EURCAD,
EUR,"125,000","604,225","81,570,375,000","176,525","23,830,875,000","68,363","8,545,375,000","108,162","13,520,250,000","-39,799",-6.59%,-22.55%,0.48%,"-4,974,875,000","-5,372,865,000",,60.60%,51.30%,42.80%,37.40%,34.50%,32.10%,32.00%,
GBP,"62,500","200,826","15,940,563,750","100,708","7,993,697,500","67,791","4,236,937,500","32,917","2,057,312,500","34,874",17.37%,34.63%,-13.38%,"2,179,625,000","2,768,123,750",,GBPUSD,NZDCAD,EURAUD,USDJPY,EURJPY,AUDCAD,EURNZD,
CAD,"100,000","350,363","25,576,499,000","101,808","7,431,984,000","6,876","687,600,000","94,932","9,493,200,000","-88,056",-25.13%,-86.49%,3.01%,"-8,805,600,000","-6,428,088,000",,28.50%,23.20%,22.70%,14.40%,14.20%,9.30%,8.80%,
AUD,"100,000","192,020","12,481,300,000","57,457","3,734,705,000","9,209","920,900,000","48,248","4,824,800,000","-39,039",-20.33%,-67.94%,-15.76%,"-3,903,900,000","-2,537,535,000",,CHFJPY,USDCHF,EURCHF,NZDJPY,EURUSD,NZDCHF,AUDJPY,
NZD,"100,000","92,053","5,523,180,000","35,145","2,108,700,000","10,519","1,051,900,000","24,626","2,462,600,000","-14,107",-15.32%,-40.14%,-5.87%,"-1,410,700,000","-846,420,000",,8.40%,6.00%,5.90%,5.40%,-0.10%,-2.90%,-8.50%,
CHF,"125,000","94,045","13,166,300,000","24,305","3,402,700,000","7,987","998,375,000","16,318","2,039,750,000","-8,331",-8.86%,-34.28%,5.37%,"-1,041,375,000","-1,166,340,000",,NZDUSD,AUDNZD,AUDCHF,CADJPY,AUDUSD,CADCHF,EURGBP,
JPY,"12,500,000","223,952","18,755,980,000","102,641","8,596,183,750","25,130","314,125,000,000","77,511","968,887,500,000","-52,381",-23.39%,-51.03%,1.46%,"-654,762,500,000","-4,386,908,750",,-8.90%,-13.90%,-16.80%,-17.70%,-22.80%,-26.10%,-28.60%,
SP500 (E-MINI),"265,000","2,044,090","541,683,850,000","600,451","159,119,515,000","151,543","40,158,895,000","448,908","118,960,620,000","-297,365",-14.55%,-49.52%,3.31%,"-78,801,725,000","-78,801,725,000",,,,,,,,,
NAS100 (NQ MINI),"370,000","253,879","93,935,230,000","125,861","46,568,570,000","44,226","16,363,620,000","81,635","30,204,950,000","-37,409",-14.73%,-29.72%,4.64%,"-13,841,330,000","-13,841,330,000",,,,,,,,,
US30 (YM),"200,000","81,768","16,353,600,000","27,642","5,528,400,000","17,591","3,518,200,000","10,051","2,010,200,000","7,540",9.22%,27.28%,7.39%,"1,508,000,000","1,508,000,000",,,,,,,,,
,,,,,,,,,,,,,,,,,,,,,,,,
"Week of January 7, 2025 - COT Leveraged Funds >>> valid for trades from January 13, 2025",,,,,,,,,,,,,,,,,,,,,,,,
Currency,Contract Value,Open Interest TOTAL,Open Interest TOTAL USD,Open Interest LF,Open Interest LF USD,Long Positions,Long Value,Short Positions,Short Value,Net Positions,Net Percent,Net Percent LF,Net % LF Δ,Net Value (Base Currency),Net Value USD,,Currency Pairs - LF Strength Index,,,,,,,
USD (DXY),"104,500","44,874","4,689,333,000","39,670","4,145,515,000","14,064","1,469,688,000","25,606","2,675,827,000","-11,542",-25.72%,-29.10%,-%,"-1,206,139,000","-1,206,139,000",,GBPCAD,GBPJPY,GBPAUD,GBPCHF,GBPNZD,GBPUSD,EURCAD,
EUR,"125,000","603,187","81,430,245,000","180,578","24,378,030,000","69,495","8,686,875,000","111,083","13,885,375,000","-41,588",-6.89%,-23.03%,-%,"-5,198,500,000","-5,614,380,000",,68.80%,50.20%,50.10%,43.80%,41.10%,38.60%,33.20%,
GBP,"62,500","188,770","14,983,618,750","98,555","7,822,803,125","72,934","4,558,375,000","25,621","1,601,312,500","47,313",25.06%,48.01%,-%,"2,957,062,500","3,755,469,375",,USDCAD,NZDCAD,AUDCAD,EURJPY,EURAUD,USDJPY,NZDJPY,
CAD,"100,000","357,210","26,076,330,000","105,679","7,714,567,000","5,550","555,000,000","100,129","10,012,900,000","-94,579",-26.48%,-89.50%,-%,"-9,457,900,000","-6,904,267,000",,30.20%,27.60%,18.70%,14.70%,14.60%,11.70%,9.10%,
AUD,"100,000","197,764","12,854,660,000","64,756","4,209,140,000","15,484","1,548,400,000","49,272","4,927,200,000","-33,788",-17.09%,-52.18%,-%,"-3,378,800,000","-2,196,220,000",,EURCHF,CHFJPY,EURNZD,USDCHF,EURUSD,NZDCHF,AUDJPY,
NZD,"100,000","92,127","5,527,620,000","39,529","2,371,740,000","12,991","1,299,100,000","26,538","2,653,800,000","-13,547",-14.70%,-34.27%,-%,"-1,354,700,000","-812,820,000",,8.30%,6.40%,5.60%,5.30%,3.00%,2.70%,0.20%,
CHF,"125,000","91,244","12,774,160,000","24,734","3,462,760,000","7,463","932,875,000","17,271","2,158,875,000","-9,808",-10.75%,-39.65%,-%,"-1,226,000,000","-1,373,120,000",,NZDUSD,AUDCHF,AUDNZD,AUDUSD,CADJPY,CADCHF,EURGBP,
JPY,"12,500,000","212,456","17,793,190,000","101,276","8,481,865,000","24,057","300,712,500,000","77,219","965,237,500,000","-53,162",-25.02%,-52.49%,-%,"-664,525,000,000","-4,452,317,500",,-2.60%,-6.30%,-9.00%,-11.50%,-18.50%,-24.90%,-35.50%,
SP500 (E-MINI),"265,000","2,069,259","548,353,635,000","640,746","169,797,690,000","151,126","40,048,390,000","489,620","129,749,300,000","-338,494",-16.36%,-52.83%,-%,"-89,700,910,000","-89,700,910,000",,,,,,,,,
NAS100 (NQ MINI),"370,000","241,165","89,231,050,000","113,738","42,083,060,000","37,329","13,811,730,000","76,409","28,271,330,000","-39,080",-16.20%,-34.36%,-%,"-14,459,600,000","-14,459,600,000",,,,,,,,,
US30 (YM),"200,000","85,367","17,073,400,000","29,199","5,839,800,000","17,504","3,500,800,000","11,695","2,339,000,000","5,809",6.80%,19.89%,-%,"1,161,800,000","1,161,800,000",,,,,,,,,
